"","Command"
"1","aws mturk send-bonus --worker-id A2YO837C0O1E91 --bonus-amount 0.15 --assignment-id 36H9ULYP63292SBQWPJ0VBW1HN5FJD --reason ""Accuracy bonus"""
"2","aws mturk send-bonus --worker-id A2STG331R3P3FK --bonus-amount 0.15 --assignment-id 39O5D9O87U0RE2PR221C7YU9OCNC3H --reason ""Accuracy bonus"""
"3","aws mturk send-bonus --worker-id AJWES6SFIP3AT --bonus-amount 0.15 --assignment-id 3L4D84MIL00TGO2WRF70YW8EX1THJM --reason ""Accuracy bonus"""
"4","aws mturk send-bonus --worker-id A171S8E9IFSHH2 --bonus-amount 0.15 --assignment-id 3QIYRE09Y4PEV3834OW7ZG9OPVBN14 --reason ""Accuracy bonus"""
"5","aws mturk send-bonus --worker-id A3SKEW89V5S0DI --bonus-amount 0.15 --assignment-id 3Z4AIRP3C7LJ7XM76UJGXI0MRB71XS --reason ""Accuracy bonus"""
"6","aws mturk send-bonus --worker-id AJWES6SFIP3AT --bonus-amount 0.15 --assignment-id 33LK57MYLUD86CLGKVMLQ436P8TSZ5 --reason ""Accuracy bonus"""
"7","aws mturk send-bonus --worker-id A1V6CP5I0TOSAR --bonus-amount 0.15 --assignment-id 34QN5IT0T0ZTL70H233O3E0JV7M084 --reason ""Accuracy bonus"""
"8","aws mturk send-bonus --worker-id A2YLF04UAKYVF1 --bonus-amount 0.15 --assignment-id 35K3O9HUACL1RCPYIO89YVJ9CC9EFL --reason ""Accuracy bonus"""
"9","aws mturk send-bonus --worker-id A2STG331R3P3FK --bonus-amount 0.15 --assignment-id 3AWETUDC930JCYIKFJS7M2XJGBUZIP --reason ""Accuracy bonus"""
"10","aws mturk send-bonus --worker-id A171S8E9IFSHH2 --bonus-amount 0.15 --assignment-id 3JC6VJ2SACR6Z2FXW7TEG02522F5AE --reason ""Accuracy bonus"""
"11","aws mturk send-bonus --worker-id ACGHHDT7RY1AH --bonus-amount 0.15 --assignment-id 3CTOC39K38YWNZWKE6LO7JJKJU9J7Q --reason ""Accuracy bonus"""
"12","aws mturk send-bonus --worker-id AJWES6SFIP3AT --bonus-amount 0.15 --assignment-id 3OWEPKL08AKS6PN5T4DG0Q01SFM7NS --reason ""Accuracy bonus"""
"13","aws mturk send-bonus --worker-id AYJGQBBK6KXZ7 --bonus-amount 0.15 --assignment-id 3QL2OFSM97QYI6I1KLLRGCSFTNACNH --reason ""Accuracy bonus"""
"14","aws mturk send-bonus --worker-id A171S8E9IFSHH2 --bonus-amount 0.15 --assignment-id 3RANCT1ZVGPS3RA43M1IJNERJZJUB2 --reason ""Accuracy bonus"""
"15","aws mturk send-bonus --worker-id A2YO837C0O1E91 --bonus-amount 0.15 --assignment-id 3RJSC4XJ112AYPHF45WLRUQSTG650Q --reason ""Accuracy bonus"""
"16","aws mturk send-bonus --worker-id A3SKEW89V5S0DI --bonus-amount 0.15 --assignment-id 30LSNF239V3T6NF8QCJTZRNCVYD2IU --reason ""Accuracy bonus"""
"17","aws mturk send-bonus --worker-id AYJGQBBK6KXZ7 --bonus-amount 0.15 --assignment-id 31LVTDXBL8IC084ZQ5V7SFNCOUJLR2 --reason ""Accuracy bonus"""
"18","aws mturk send-bonus --worker-id A171S8E9IFSHH2 --bonus-amount 0.15 --assignment-id 33LKR6A5KFSCQGDN1KIJ8FFGE9VT11 --reason ""Accuracy bonus"""
"19","aws mturk send-bonus --worker-id A2HM35CWB7IIFM --bonus-amount 0.15 --assignment-id 39ZSFO5CA94YLA8GREEZHBX4R4FJUZ --reason ""Accuracy bonus"""
"20","aws mturk send-bonus --worker-id AJWES6SFIP3AT --bonus-amount 0.15 --assignment-id 3EJPLAJKENO3JENJDIJIPZ7E7H26ZZ --reason ""Accuracy bonus"""
"21","aws mturk send-bonus --worker-id A2YO837C0O1E91 --bonus-amount 0.15 --assignment-id 33PPUNGG39DW5XL356MG0UYA33OZRW --reason ""Accuracy bonus"""
"22","aws mturk send-bonus --worker-id A3SKEW89V5S0DI --bonus-amount 0.15 --assignment-id 37XITHEISXHJX4ATDS28PWXPUM5CRF --reason ""Accuracy bonus"""
"23","aws mturk send-bonus --worker-id AJWES6SFIP3AT --bonus-amount 0.15 --assignment-id 3C44YUNSI2X8QJ0S0WTU47FSE34PD9 --reason ""Accuracy bonus"""
"24","aws mturk send-bonus --worker-id A2STG331R3P3FK --bonus-amount 0.15 --assignment-id 3PQ8K71NHYS358RER3KVOBIRUFYAA5 --reason ""Accuracy bonus"""
"25","aws mturk send-bonus --worker-id A3BMEVFSETVOUR --bonus-amount 0.15 --assignment-id 3RKNTXVS3N6O3JBXI2A4B8WR26L4A9 --reason ""Accuracy bonus"""
"26","aws mturk send-bonus --worker-id A2YO837C0O1E91 --bonus-amount 0.15 --assignment-id 31QNSG6A5S173I01N2OXITA63TF78E --reason ""Accuracy bonus"""
"27","aws mturk send-bonus --worker-id A2YLF04UAKYVF1 --bonus-amount 0.15 --assignment-id 36V4Q8R5ZL8WUP7KD27MN2SWSJRQM4 --reason ""Accuracy bonus"""
"28","aws mturk send-bonus --worker-id A2STG331R3P3FK --bonus-amount 0.15 --assignment-id 373ERPL3YPG0JLC4ZEXYE6XTIIWTRQ --reason ""Accuracy bonus"""
"29","aws mturk send-bonus --worker-id AJWES6SFIP3AT --bonus-amount 0.15 --assignment-id 3LOTDFNYA87V8CBP3O2FK1Q9JJKFWE --reason ""Accuracy bonus"""
"30","aws mturk send-bonus --worker-id A171S8E9IFSHH2 --bonus-amount 0.15 --assignment-id 3PIWWX1FJKEP7UXMFFALA9OTATHJJD --reason ""Accuracy bonus"""
"31","aws mturk send-bonus --worker-id AYJGQBBK6KXZ7 --bonus-amount 0.15 --assignment-id 31QTRG6Q2ULBOUVJWSG8HSPTWTQYPA --reason ""Accuracy bonus"""
"32","aws mturk send-bonus --worker-id A3BMEVFSETVOUR --bonus-amount 0.15 --assignment-id 31Z0PCVWULNQ12SPQ0ZS9P6THX37TO --reason ""Accuracy bonus"""
"33","aws mturk send-bonus --worker-id A3SKEW89V5S0DI --bonus-amount 0.15 --assignment-id 33C7UALJVM6TSWLZYM7OHJJT0YE81Z --reason ""Accuracy bonus"""
"34","aws mturk send-bonus --worker-id AJWES6SFIP3AT --bonus-amount 0.15 --assignment-id 3JW0YLFXRUOXJYXKTDCFOPC9EISWW3 --reason ""Accuracy bonus"""
"35","aws mturk send-bonus --worker-id A2STG331R3P3FK --bonus-amount 0.15 --assignment-id 3WEV0KO0ON053BGKSDXOZCK31PQDSW --reason ""Accuracy bonus"""
"36","aws mturk send-bonus --worker-id A2YO837C0O1E91 --bonus-amount 0.15 --assignment-id 32N49TQG3HQNXWUC2YBRKYW4FSRVAP --reason ""Accuracy bonus"""
"37","aws mturk send-bonus --worker-id A2YLF04UAKYVF1 --bonus-amount 0.15 --assignment-id 3EKVH9QMEZCCYCZMYYII8U7Z3WO2DH --reason ""Accuracy bonus"""
"38","aws mturk send-bonus --worker-id A171S8E9IFSHH2 --bonus-amount 0.15 --assignment-id 3LS2AMNW5GYKUSSWQIMZF6H1NFCOQF --reason ""Accuracy bonus"""
"39","aws mturk send-bonus --worker-id AJWES6SFIP3AT --bonus-amount 0.15 --assignment-id 3VELCLL3GLR27BVM60DURB0FN2R1F9 --reason ""Accuracy bonus"""
"40","aws mturk send-bonus --worker-id A25D66AC4QUW2U --bonus-amount 0.15 --assignment-id 3Z4XG4ZF49Z1IX6S5FSVCSNU5ENX8C --reason ""Accuracy bonus"""
"41","aws mturk send-bonus --worker-id A171S8E9IFSHH2 --bonus-amount 0.15 --assignment-id 34T446B1C1MVXAQUJFJT50W2LV4C0D --reason ""Accuracy bonus"""
"42","aws mturk send-bonus --worker-id A2HM35CWB7IIFM --bonus-amount 0.15 --assignment-id 34X6J5FLPU66TH1ZA5UU7A0FOKFJQ2 --reason ""Accuracy bonus"""
"43","aws mturk send-bonus --worker-id A2STG331R3P3FK --bonus-amount 0.15 --assignment-id 39GXDJN2OUM9E81X50RDO7Q9P2PV8F --reason ""Accuracy bonus"""
"44","aws mturk send-bonus --worker-id A2YO837C0O1E91 --bonus-amount 0.15 --assignment-id 39N5ACM9HFVWNTNBOGOSIBW2NJRP9W --reason ""Accuracy bonus"""
"45","aws mturk send-bonus --worker-id AJWES6SFIP3AT --bonus-amount 0.15 --assignment-id 3JC6VJ2SACR6Z2FXW7TEG02520QA5Q --reason ""Accuracy bonus"""
"46","aws mturk send-bonus --worker-id ACGHHDT7RY1AH --bonus-amount 0.15 --assignment-id 39GXDJN2OUM9E81X50RDO7Q9P1O8VP --reason ""Accuracy bonus"""
"47","aws mturk send-bonus --worker-id A2YO837C0O1E91 --bonus-amount 0.15 --assignment-id 3FTOP5WARGWI5OW0T70FS49XBHEJ03 --reason ""Accuracy bonus"""
"48","aws mturk send-bonus --worker-id A2STG331R3P3FK --bonus-amount 0.15 --assignment-id 3ON104KXQL4LAWE0J76WTXTIUNA4W2 --reason ""Accuracy bonus"""
"49","aws mturk send-bonus --worker-id A171S8E9IFSHH2 --bonus-amount 0.15 --assignment-id 3SEPORI8WO746GZM3V0U54903ZLAZK --reason ""Accuracy bonus"""
"50","aws mturk send-bonus --worker-id AYJGQBBK6KXZ7 --bonus-amount 0.15 --assignment-id 3VJ40NV2QJVXM8KO7MGUKBSO7LUTOF --reason ""Accuracy bonus"""
"51","aws mturk send-bonus --worker-id A2STG331R3P3FK --bonus-amount 0.15 --assignment-id 358010RM5F1ZT925D8354672GL7XVI --reason ""Accuracy bonus"""
"52","aws mturk send-bonus --worker-id A171S8E9IFSHH2 --bonus-amount 0.15 --assignment-id 3LQ8PUHQFM0XLDIQ9XM0MVTEKS4IHN --reason ""Accuracy bonus"""
"53","aws mturk send-bonus --worker-id AYJGQBBK6KXZ7 --bonus-amount 0.15 --assignment-id 3LUY3GC6308S9AZI9JQ84F5WS4ZP72 --reason ""Accuracy bonus"""
"54","aws mturk send-bonus --worker-id A2YLF04UAKYVF1 --bonus-amount 0.15 --assignment-id 3VJ40NV2QJVXM8KO7MGUKBSO7VAOTA --reason ""Accuracy bonus"""
"55","aws mturk send-bonus --worker-id A2YO837C0O1E91 --bonus-amount 0.15 --assignment-id 3YT88D1N0969X01FUFIAVH7HTSNK37 --reason ""Accuracy bonus"""
"56","aws mturk send-bonus --worker-id A25D66AC4QUW2U --bonus-amount 0.15 --assignment-id 3IQ1VMJRYUSP0PH9ZX6VSG77OZCA9Q --reason ""Accuracy bonus"""
"57","aws mturk send-bonus --worker-id A171S8E9IFSHH2 --bonus-amount 0.15 --assignment-id 3P1L2B7AD2X93VCJYDE3YKI7D9SOLT --reason ""Accuracy bonus"""
"58","aws mturk send-bonus --worker-id A2STG331R3P3FK --bonus-amount 0.15 --assignment-id 3Q8GYXHFEQAUSHCVGLP5MVST26KC59 --reason ""Accuracy bonus"""
"59","aws mturk send-bonus --worker-id AJWES6SFIP3AT --bonus-amount 0.15 --assignment-id 3RU7GD8VPP1ES8JAXMOJZ61SF85PSY --reason ""Accuracy bonus"""
"60","aws mturk send-bonus --worker-id AYJGQBBK6KXZ7 --bonus-amount 0.15 --assignment-id 3X65QVEQI1V8U6FG885C3KOQOT2LCI --reason ""Accuracy bonus"""
"61","aws mturk send-bonus --worker-id A2YLF04UAKYVF1 --bonus-amount 0.15 --assignment-id 33IZTU6J829J1HL1JDY0TJNVH8ESXR --reason ""Accuracy bonus"""
"62","aws mturk send-bonus --worker-id A171S8E9IFSHH2 --bonus-amount 0.15 --assignment-id 34T446B1C1MVXAQUJFJT50W2LXDC0Q --reason ""Accuracy bonus"""
"63","aws mturk send-bonus --worker-id A3SKEW89V5S0DI --bonus-amount 0.15 --assignment-id 38SKSKU7R25Z791G0I1YENML10PILO --reason ""Accuracy bonus"""
"64","aws mturk send-bonus --worker-id A2YO837C0O1E91 --bonus-amount 0.15 --assignment-id 3KIBXJ1WD62YJPU1DD22JK5SO9DOKG --reason ""Accuracy bonus"""
"65","aws mturk send-bonus --worker-id A18I566TMVVSFQ --bonus-amount 0.15 --assignment-id 3O7L7BFSHFXL13ROJWEU1SW1S48EIJ --reason ""Accuracy bonus"""
"66","aws mturk send-bonus --worker-id A171S8E9IFSHH2 --bonus-amount 0.15 --assignment-id 33SA9F9TRY232YBT8DI92J597EQWEQ --reason ""Accuracy bonus"""
"67","aws mturk send-bonus --worker-id A2STG331R3P3FK --bonus-amount 0.15 --assignment-id 3H7XDTSHKDZ1MC7KE88X2MQLKX9WGH --reason ""Accuracy bonus"""
"68","aws mturk send-bonus --worker-id AJWES6SFIP3AT --bonus-amount 0.15 --assignment-id 3JAOYWH7VJC6W88DWOVL1UNIIB3L9B --reason ""Accuracy bonus"""
"69","aws mturk send-bonus --worker-id A2YLF04UAKYVF1 --bonus-amount 0.15 --assignment-id 3LYA37P8IRVE0V5S98XGD05THBPBKW --reason ""Accuracy bonus"""
"70","aws mturk send-bonus --worker-id A2YO837C0O1E91 --bonus-amount 0.15 --assignment-id 3Z4GS9HPNWI334VIDXWR4TEBS3K77Q --reason ""Accuracy bonus"""
"71","aws mturk send-bonus --worker-id A2YO837C0O1E91 --bonus-amount 0.15 --assignment-id 3137ONMDKHD75CLTT8ERGGJLDP5EGC --reason ""Accuracy bonus"""
"72","aws mturk send-bonus --worker-id AJWES6SFIP3AT --bonus-amount 0.15 --assignment-id 33M4IA01QH9702LO4OYV39IZV34RX5 --reason ""Accuracy bonus"""
"73","aws mturk send-bonus --worker-id A171S8E9IFSHH2 --bonus-amount 0.15 --assignment-id 3SPJ033422BF2JSL1FBOKW3HNTXJY6 --reason ""Accuracy bonus"""
"74","aws mturk send-bonus --worker-id AYJGQBBK6KXZ7 --bonus-amount 0.15 --assignment-id 3VW04L3ZLUERXY70DN4NSR4NWMQXXC --reason ""Accuracy bonus"""
"75","aws mturk send-bonus --worker-id AKSJ3C5O3V9RB --bonus-amount 0.15 --assignment-id 3X73LLYYQ2MPZETH6DZSR3PV6H1NHR --reason ""Accuracy bonus"""
"76","aws mturk send-bonus --worker-id A171S8E9IFSHH2 --bonus-amount 0.15 --assignment-id 37QW5D2ZRHUTMGKTB5M8DK62Q2RS8B --reason ""Accuracy bonus"""
"77","aws mturk send-bonus --worker-id AJWES6SFIP3AT --bonus-amount 0.15 --assignment-id 39LNWE0K4V42QZOA9WTZ5AI4EVBIUJ --reason ""Accuracy bonus"""
"78","aws mturk send-bonus --worker-id A2YLF04UAKYVF1 --bonus-amount 0.15 --assignment-id 3EJPLAJKENO3JENJDIJIPZ7E7OM6ZX --reason ""Accuracy bonus"""
"79","aws mturk send-bonus --worker-id A2YO837C0O1E91 --bonus-amount 0.15 --assignment-id 3MMN5BL1W0C4NO1IFRVQAUZLITUM3I --reason ""Accuracy bonus"""
"80","aws mturk send-bonus --worker-id A2STG331R3P3FK --bonus-amount 0.15 --assignment-id 3QAPZX2QN5LIZSYSMMUNTNNG9EV20I --reason ""Accuracy bonus"""
"81","aws mturk send-bonus --worker-id A171S8E9IFSHH2 --bonus-amount 0.15 --assignment-id 358UUM7WR0BDLNFXMBUX9A5BTGH7RU --reason ""Accuracy bonus"""
"82","aws mturk send-bonus --worker-id A3NAHN61XJ3ZAT --bonus-amount 0.15 --assignment-id 3FDJT1UU75GCBFOJ8Y63AE517MBK5Q --reason ""Accuracy bonus"""
"83","aws mturk send-bonus --worker-id AJWES6SFIP3AT --bonus-amount 0.15 --assignment-id 3U5NZHP4LSAP2Z5UMSCKVSUQ62VPHU --reason ""Accuracy bonus"""
"84","aws mturk send-bonus --worker-id A2STG331R3P3FK --bonus-amount 0.15 --assignment-id 3WQ3B2KGE9OCUUJ61YRY8L9U8DS1B2 --reason ""Accuracy bonus"""
"85","aws mturk send-bonus --worker-id A38DC3BG1ZCVZ2 --bonus-amount 0.15 --assignment-id 3XIQGXAUMDGXIJ19VA0PYSRZUYBX7R --reason ""Accuracy bonus"""
"86","aws mturk send-bonus --worker-id A171S8E9IFSHH2 --bonus-amount 0.15 --assignment-id 320DUZ38G8UFGS7L79PIDWWDI50GJE --reason ""Accuracy bonus"""
"87","aws mturk send-bonus --worker-id A2O7FZKP2KMHQM --bonus-amount 0.15 --assignment-id 339ANSOTR6AON3JYFIPXZN96C9WKIH --reason ""Accuracy bonus"""
"88","aws mturk send-bonus --worker-id A2STG331R3P3FK --bonus-amount 0.15 --assignment-id 37ZHEEHM6XUL2LUVBLT1RC2VN7E73D --reason ""Accuracy bonus"""
"89","aws mturk send-bonus --worker-id A20PV3RB3I0W8S --bonus-amount 0.15 --assignment-id 3RKNTXVS3N6O3JBXI2A4B8WR2FR4AX --reason ""Accuracy bonus"""
"90","aws mturk send-bonus --worker-id A2YO837C0O1E91 --bonus-amount 0.15 --assignment-id 3SITXWYCNWHKKV4Z8RC53UDVDQKXBZ --reason ""Accuracy bonus"""
"91","aws mturk send-bonus --worker-id A3SKEW89V5S0DI --bonus-amount 0.15 --assignment-id 30LB5CDZNDI85314BT31GYXNUP60Z4 --reason ""Accuracy bonus"""
"92","aws mturk send-bonus --worker-id A23WTODPHXZ68Y --bonus-amount 0.15 --assignment-id 38JBBYETQPIRTWS9Y7CQ7RMINVC4EH --reason ""Accuracy bonus"""
"93","aws mturk send-bonus --worker-id A38DC3BG1ZCVZ2 --bonus-amount 0.15 --assignment-id 39KFRKBFIO3T3UJIHS3TSSK3MYTOY2 --reason ""Accuracy bonus"""
"94","aws mturk send-bonus --worker-id A171S8E9IFSHH2 --bonus-amount 0.15 --assignment-id 3C2NJ6JBKBPLKOQZNSWL4ZJTH9A2N1 --reason ""Accuracy bonus"""
"95","aws mturk send-bonus --worker-id A2YO837C0O1E91 --bonus-amount 0.15 --assignment-id 3DHE4R9OCXJFAW9D0OJQEFAWGX7G2Q --reason ""Accuracy bonus"""
"96","aws mturk send-bonus --worker-id AYJGQBBK6KXZ7 --bonus-amount 0.15 --assignment-id 33C7UALJVM6TSWLZYM7OHJJT01Q18A --reason ""Accuracy bonus"""
"97","aws mturk send-bonus --worker-id AJWES6SFIP3AT --bonus-amount 0.15 --assignment-id 34V1S5K3GT9ODN569KPJCB5LSG569F --reason ""Accuracy bonus"""
"98","aws mturk send-bonus --worker-id A2YLF04UAKYVF1 --bonus-amount 0.15 --assignment-id 3CN4LGXD5YWPZ190Y8OKEUEY5YY4YV --reason ""Accuracy bonus"""
"99","aws mturk send-bonus --worker-id A171S8E9IFSHH2 --bonus-amount 0.15 --assignment-id 3EFVCAY5L4H0ND13OBDULJFFUHB8J4 --reason ""Accuracy bonus"""
"100","aws mturk send-bonus --worker-id A2STG331R3P3FK --bonus-amount 0.15 --assignment-id 3HPZF4IVNN1SU5MFRNU2XSQMXC8YCX --reason ""Accuracy bonus"""
"101","aws mturk send-bonus --worker-id A2STG331R3P3FK --bonus-amount 0.15 --assignment-id 3SB4CE2TJW3F1LZ72DC98JTPVBBXAM --reason ""Accuracy bonus"""
"102","aws mturk send-bonus --worker-id AYJGQBBK6KXZ7 --bonus-amount 0.15 --assignment-id 3SB5N7Y3O4C8EM6ZL1FCVRHHJZPG08 --reason ""Accuracy bonus"""
"103","aws mturk send-bonus --worker-id A38DC3BG1ZCVZ2 --bonus-amount 0.15 --assignment-id 3UXUOQ9OKF5LM6TGK08BEKG1TIXA75 --reason ""Accuracy bonus"""
"104","aws mturk send-bonus --worker-id A2YO837C0O1E91 --bonus-amount 0.15 --assignment-id 3WS1NTTKEZK20MA4AH9UD6H5IKK0FO --reason ""Accuracy bonus"""
"105","aws mturk send-bonus --worker-id A171S8E9IFSHH2 --bonus-amount 0.15 --assignment-id 3ZY8KE4ISKBFKC1TRU8DAYB9JH3VQ0 --reason ""Accuracy bonus"""
"106","aws mturk send-bonus --worker-id A3BMEVFSETVOUR --bonus-amount 0.15 --assignment-id 38JBBYETQPIRTWS9Y7CQ7RMINLJE4E --reason ""Accuracy bonus"""
"107","aws mturk send-bonus --worker-id AJWES6SFIP3AT --bonus-amount 0.15 --assignment-id 3RU7GD8VPP1ES8JAXMOJZ61SF9PPSK --reason ""Accuracy bonus"""
"108","aws mturk send-bonus --worker-id A2YO837C0O1E91 --bonus-amount 0.15 --assignment-id 3TS1AR6UQRMGIXAOVGU3SLRSQT47FZ --reason ""Accuracy bonus"""
"109","aws mturk send-bonus --worker-id A171S8E9IFSHH2 --bonus-amount 0.15 --assignment-id 3WRFBPLXRBWA56MIRSAQN9OLNGGN3P --reason ""Accuracy bonus"""
"110","aws mturk send-bonus --worker-id A3SKEW89V5S0DI --bonus-amount 0.15 --assignment-id 3XM0HYN6NL7DIPESWR4EAPXDERFEPP --reason ""Accuracy bonus"""
"111","aws mturk send-bonus --worker-id AYJGQBBK6KXZ7 --bonus-amount 0.15 --assignment-id 31LM9EDVOM0LQKO7UD2D3G5AJ7JJN2 --reason ""Accuracy bonus"""
"112","aws mturk send-bonus --worker-id A1DRFDGG2KCOI2 --bonus-amount 0.15 --assignment-id 36V4Q8R5ZL8WUP7KD27MN2SWSDRMQO --reason ""Accuracy bonus"""
"113","aws mturk send-bonus --worker-id A171S8E9IFSHH2 --bonus-amount 0.15 --assignment-id 3MRNMEIQW6EIZYLU840NNQ689SMDLG --reason ""Accuracy bonus"""
"114","aws mturk send-bonus --worker-id A3SKEW89V5S0DI --bonus-amount 0.15 --assignment-id 3PWWM24LHT60HH3VHQ72M2TYS2182L --reason ""Accuracy bonus"""
"115","aws mturk send-bonus --worker-id AJWES6SFIP3AT --bonus-amount 0.15 --assignment-id 3WZ36BJEV4OD3EVF3HB8ERSP0MBTBB --reason ""Accuracy bonus"""
"116","aws mturk send-bonus --worker-id A171S8E9IFSHH2 --bonus-amount 0.15 --assignment-id 345LHZDEDY0N0W6ROTMC14GFV73U38 --reason ""Accuracy bonus"""
"117","aws mturk send-bonus --worker-id A3SKEW89V5S0DI --bonus-amount 0.15 --assignment-id 3C44YUNSI2X8QJ0S0WTU47FSE30PD5 --reason ""Accuracy bonus"""
"118","aws mturk send-bonus --worker-id A2YO837C0O1E91 --bonus-amount 0.15 --assignment-id 3D8YOU6S9FSMXFT97VKA87SZ5ZW6UJ --reason ""Accuracy bonus"""
"119","aws mturk send-bonus --worker-id A2STG331R3P3FK --bonus-amount 0.15 --assignment-id 3PB5A5BD0WEMWX6J600LA6R4R2J7G1 --reason ""Accuracy bonus"""
"120","aws mturk send-bonus --worker-id A18I566TMVVSFQ --bonus-amount 0.15 --assignment-id 3WEV0KO0ON053BGKSDXOZCK31MRSD6 --reason ""Accuracy bonus"""
"121","aws mturk send-bonus --worker-id A2YO837C0O1E91 --bonus-amount 0.15 --assignment-id 336YQZE83WM713OMTAJJPRX5WQD5ML --reason ""Accuracy bonus"""
"122","aws mturk send-bonus --worker-id AJWES6SFIP3AT --bonus-amount 0.15 --assignment-id 38F71OA9GU4Z30HBZMWSB3OILIBFMU --reason ""Accuracy bonus"""
"123","aws mturk send-bonus --worker-id A171S8E9IFSHH2 --bonus-amount 0.15 --assignment-id 3CN4LGXD5YWPZ190Y8OKEUEY51CY49 --reason ""Accuracy bonus"""
"124","aws mturk send-bonus --worker-id AYJGQBBK6KXZ7 --bonus-amount 0.15 --assignment-id 3K9FOBBF2IRRLAC7XYEQJVI2N8HNLP --reason ""Accuracy bonus"""
"125","aws mturk send-bonus --worker-id A2STG331R3P3FK --bonus-amount 0.15 --assignment-id 3OLF68YTNA9Y1Z8M2J6N2CTIR5UAFL --reason ""Accuracy bonus"""
"126","aws mturk send-bonus --worker-id A2YLF04UAKYVF1 --bonus-amount 0.15 --assignment-id 3FE2ERCCZYGZUGRHQ57AF1RRIK2PO3 --reason ""Accuracy bonus"""
"127","aws mturk send-bonus --worker-id A171S8E9IFSHH2 --bonus-amount 0.15 --assignment-id 3IKZ72A5B5O5LI2BBNBSOIDIQ3WNF3 --reason ""Accuracy bonus"""
"128","aws mturk send-bonus --worker-id AJWES6SFIP3AT --bonus-amount 0.15 --assignment-id 3LO69W1SU4LLBIVLAU1VTB95MORGLQ --reason ""Accuracy bonus"""
"129","aws mturk send-bonus --worker-id A21AVVEQUEX7DA --bonus-amount 0.15 --assignment-id 3LPW2N6LKUAQEBTV2CA5G1EZ96F5U0 --reason ""Accuracy bonus"""
"130","aws mturk send-bonus --worker-id A3SKEW89V5S0DI --bonus-amount 0.15 --assignment-id 3WSELTNVR4A8K4QNX3BCJG8JI6KATV --reason ""Accuracy bonus"""
"131","aws mturk send-bonus --worker-id A171S8E9IFSHH2 --bonus-amount 0.15 --assignment-id 369J354OFEI3SXSENQVT4SR8WQPG6Z --reason ""Accuracy bonus"""
"132","aws mturk send-bonus --worker-id A8TIL9U6YHG5 --bonus-amount 0.15 --assignment-id 3E7TUJ2EGDUNYWKLJ7XXIHFD9Y2D9G --reason ""Accuracy bonus"""
"133","aws mturk send-bonus --worker-id A2YO837C0O1E91 --bonus-amount 0.15 --assignment-id 3L4D84MIL00TGO2WRF70YW8EXY3JHS --reason ""Accuracy bonus"""
"134","aws mturk send-bonus --worker-id AYJGQBBK6KXZ7 --bonus-amount 0.15 --assignment-id 3MH9DQ757XKOU8IFJ8TWKY5OZCAGU4 --reason ""Accuracy bonus"""
"135","aws mturk send-bonus --worker-id A2STG331R3P3FK --bonus-amount 0.15 --assignment-id 3X65QVEQI1V8U6FG885C3KOQOU5CLE --reason ""Accuracy bonus"""
"136","aws mturk send-bonus --worker-id A2YO837C0O1E91 --bonus-amount 0.15 --assignment-id 3018Q3ZVOJYV4PDVTE6HJ171UIFAR4 --reason ""Accuracy bonus"""
"137","aws mturk send-bonus --worker-id AFKZZEURTCR8U --bonus-amount 0.15 --assignment-id 39ASUFLU6YFIRYGJIIEV42JGGDUXEC --reason ""Accuracy bonus"""
"138","aws mturk send-bonus --worker-id A38M32HDYELE1E --bonus-amount 0.15 --assignment-id 3C5W7UE9CGYG3M8WZG2EHAOPPG8MXF --reason ""Accuracy bonus"""
"139","aws mturk send-bonus --worker-id A171S8E9IFSHH2 --bonus-amount 0.15 --assignment-id 3DEL4X4EL7TGX3XAIJQPB5BWYRCYX9 --reason ""Accuracy bonus"""
"140","aws mturk send-bonus --worker-id A3SKEW89V5S0DI --bonus-amount 0.15 --assignment-id 3U8YCDAGXQOZRB0DOXKOP5LJPBS0QV --reason ""Accuracy bonus"""
"141","aws mturk send-bonus --worker-id AYJGQBBK6KXZ7 --bonus-amount 0.15 --assignment-id 317HQ483I80PV941CVHDRFQA64WINF --reason ""Accuracy bonus"""
"142","aws mturk send-bonus --worker-id A171S8E9IFSHH2 --bonus-amount 0.15 --assignment-id 3FUI0JHJPY6312T899QBEVQFI3W334 --reason ""Accuracy bonus"""
"143","aws mturk send-bonus --worker-id AJWES6SFIP3AT --bonus-amount 0.15 --assignment-id 3H7Z272LX8FROVOKDDRINKNXNL7LP4 --reason ""Accuracy bonus"""
"144","aws mturk send-bonus --worker-id A2YO837C0O1E91 --bonus-amount 0.15 --assignment-id 3IHR8NYAM89VQNHZ7LS113LM11R4PD --reason ""Accuracy bonus"""
"145","aws mturk send-bonus --worker-id A38DC3BG1ZCVZ2 --bonus-amount 0.15 --assignment-id 3WMOAN2SRC5UHFO1B2GW64G4E58NVV --reason ""Accuracy bonus"""
"146","aws mturk send-bonus --worker-id A2YLF04UAKYVF1 --bonus-amount 0.15 --assignment-id 33CKWXB73KSBHW1EZ1Y929WLMTN11P --reason ""Accuracy bonus"""
"147","aws mturk send-bonus --worker-id A171S8E9IFSHH2 --bonus-amount 0.15 --assignment-id 3IO1LGZLKA5OZIMW4SJ5CFAA8AE86J --reason ""Accuracy bonus"""
"148","aws mturk send-bonus --worker-id AYJGQBBK6KXZ7 --bonus-amount 0.15 --assignment-id 3LUY3GC6308S9AZI9JQ84F5WSTNP74 --reason ""Accuracy bonus"""
"149","aws mturk send-bonus --worker-id AJWES6SFIP3AT --bonus-amount 0.15 --assignment-id 3UNH76FOCTD53RY64COG0OVYROPYMO --reason ""Accuracy bonus"""
"150","aws mturk send-bonus --worker-id A2STG331R3P3FK --bonus-amount 0.15 --assignment-id 3X0H8UUIT2W4CHGB982ER09O869SWZ --reason ""Accuracy bonus"""
"151","aws mturk send-bonus --worker-id AJWES6SFIP3AT --bonus-amount 0.15 --assignment-id 320DUZ38G8UFGS7L79PIDWWDIZJGJL --reason ""Accuracy bonus"""
"152","aws mturk send-bonus --worker-id A2STG331R3P3FK --bonus-amount 0.15 --assignment-id 3C8HJ7UOP8258H8B0YQZEV40XMWMZE --reason ""Accuracy bonus"""
"153","aws mturk send-bonus --worker-id A2YO837C0O1E91 --bonus-amount 0.15 --assignment-id 3DI28L7YXBMA1XVQBPTO9TFFB401EL --reason ""Accuracy bonus"""
"154","aws mturk send-bonus --worker-id ACGHHDT7RY1AH --bonus-amount 0.15 --assignment-id 3NPFYT4IZDCGBCCAOD4J454ST0HXGF --reason ""Accuracy bonus"""
"155","aws mturk send-bonus --worker-id A3P7M9666KJCP --bonus-amount 0.15 --assignment-id 3NVC2EB65R74H5QWYUJ14PMSRZT3Y2 --reason ""Accuracy bonus"""
"156","aws mturk send-bonus --worker-id A2YLF04UAKYVF1 --bonus-amount 0.15 --assignment-id 32XVDSJFP05F265ZBRHLRKUTCAF2MY --reason ""Accuracy bonus"""
"157","aws mturk send-bonus --worker-id AJWES6SFIP3AT --bonus-amount 0.15 --assignment-id 38BQUHLA9X8T9DU4YPFIYXXWDF2OMH --reason ""Accuracy bonus"""
"158","aws mturk send-bonus --worker-id A22CRWMZUX7FFR --bonus-amount 0.15 --assignment-id 3B1NLC6UG04B23AJ2MU2ASIPRZUPG1 --reason ""Accuracy bonus"""
"159","aws mturk send-bonus --worker-id A2YO837C0O1E91 --bonus-amount 0.15 --assignment-id 3U4J9857OFJQ5GY8QE879V07BTIB7N --reason ""Accuracy bonus"""
"160","aws mturk send-bonus --worker-id A3SKEW89V5S0DI --bonus-amount 0.15 --assignment-id 3VNL7UK1XGR3GV7V8JX4XHJAFONFT7 --reason ""Accuracy bonus"""
"161","aws mturk send-bonus --worker-id A23WTODPHXZ68Y --bonus-amount 0.15 --assignment-id 382M9COHEINQAUMODD38KVKCM9KEU0 --reason ""Accuracy bonus"""
"162","aws mturk send-bonus --worker-id A3SKEW89V5S0DI --bonus-amount 0.15 --assignment-id 3C6FJU71TR1OGZ3FDEF2RYCS4KIUYM --reason ""Accuracy bonus"""
"163","aws mturk send-bonus --worker-id A171S8E9IFSHH2 --bonus-amount 0.15 --assignment-id 3DPNQGW4LMNNGHZUSPTSV3U56WS46Y --reason ""Accuracy bonus"""
"164","aws mturk send-bonus --worker-id A18LFH7XW61JO9 --bonus-amount 0.15 --assignment-id 3TAYZSBPLMGI01I4VOD73TTZ488S2T --reason ""Accuracy bonus"""
"165","aws mturk send-bonus --worker-id A2YO837C0O1E91 --bonus-amount 0.15 --assignment-id 3TY7ZAOG5GSDG82IBS0RTJ9AQG40KT --reason ""Accuracy bonus"""
"166","aws mturk send-bonus --worker-id A2STG331R3P3FK --bonus-amount 0.15 --assignment-id 36PW28KO4046VL8Q78MHKU8IFXIAES --reason ""Accuracy bonus"""
"167","aws mturk send-bonus --worker-id AYJGQBBK6KXZ7 --bonus-amount 0.15 --assignment-id 3A1COHJ8NK34W76D0BA996Z0HLN8H7 --reason ""Accuracy bonus"""
"168","aws mturk send-bonus --worker-id A2YLF04UAKYVF1 --bonus-amount 0.15 --assignment-id 3PM8NZGV8ZO7O16OR99VYJ8UZIEXQO --reason ""Accuracy bonus"""
"169","aws mturk send-bonus --worker-id A171S8E9IFSHH2 --bonus-amount 0.15 --assignment-id 3SNLUL3WO5V4G0WGUZQCXQAWVTYLUH --reason ""Accuracy bonus"""
"170","aws mturk send-bonus --worker-id AKVDY8OXNMQED --bonus-amount 0.15 --assignment-id 3VELCLL3GLR27BVM60DURB0FN37F15 --reason ""Accuracy bonus"""
"171","aws mturk send-bonus --worker-id A2STG331R3P3FK --bonus-amount 0.15 --assignment-id 33TIN5LC05IQW7FCF3KBV2PERS6Y9J --reason ""Accuracy bonus"""
"172","aws mturk send-bonus --worker-id A171S8E9IFSHH2 --bonus-amount 0.15 --assignment-id 39KFRKBFIO3T3UJIHS3TSSK3MRUOYP --reason ""Accuracy bonus"""
"173","aws mturk send-bonus --worker-id AYJGQBBK6KXZ7 --bonus-amount 0.15 --assignment-id 3AUQQEL7U61RWJWUAWEYVSKR68SV0F --reason ""Accuracy bonus"""
"174","aws mturk send-bonus --worker-id AJWES6SFIP3AT --bonus-amount 0.15 --assignment-id 3NQL1CS15SGOTESFI4P7NKEBIKRYV1 --reason ""Accuracy bonus"""
"175","aws mturk send-bonus --worker-id A2YLF04UAKYVF1 --bonus-amount 0.15 --assignment-id 3XUHV3NRVL6L9PNB2D36XMP9F14H58 --reason ""Accuracy bonus"""
"176","aws mturk send-bonus --worker-id A3SKEW89V5S0DI --bonus-amount 0.15 --assignment-id 30LSNF239V3T6NF8QCJTZRNCV182IV --reason ""Accuracy bonus"""
"177","aws mturk send-bonus --worker-id ACGHHDT7RY1AH --bonus-amount 0.15 --assignment-id 3HUTX6F6VVV329QBO7WYJOJY78Z2OE --reason ""Accuracy bonus"""
"178","aws mturk send-bonus --worker-id AYJGQBBK6KXZ7 --bonus-amount 0.15 --assignment-id 3QAPZX2QN5LIZSYSMMUNTNNG96M20T --reason ""Accuracy bonus"""
"179","aws mturk send-bonus --worker-id A38DC3BG1ZCVZ2 --bonus-amount 0.15 --assignment-id 3WR9XG3T64J6KHDZBZYK1HU11YL74R --reason ""Accuracy bonus"""
"180","aws mturk send-bonus --worker-id A18I566TMVVSFQ --bonus-amount 0.15 --assignment-id 3ZWFC4W1UVFQ0GU34US9X2ISR16FR6 --reason ""Accuracy bonus"""
"181","aws mturk send-bonus --worker-id A38DC3BG1ZCVZ2 --bonus-amount 0.15 --assignment-id 31N2WW6R9SYYHE91T4RDF4FCLT0F3O --reason ""Accuracy bonus"""
"182","aws mturk send-bonus --worker-id A2YO837C0O1E91 --bonus-amount 0.15 --assignment-id 34J10VATJG6AY6HTSN9UV9LFB99QIO --reason ""Accuracy bonus"""
"183","aws mturk send-bonus --worker-id A171S8E9IFSHH2 --bonus-amount 0.15 --assignment-id 374TNBHA8C3WO6WYW5VXHXF31REYQ7 --reason ""Accuracy bonus"""
"184","aws mturk send-bonus --worker-id A2STG331R3P3FK --bonus-amount 0.15 --assignment-id 3OWEPKL08AKS6PN5T4DG0Q01SHIN78 --reason ""Accuracy bonus"""
"185","aws mturk send-bonus --worker-id AJWES6SFIP3AT --bonus-amount 0.15 --assignment-id 3WT783CTPCPWHXT4HVGIPHSLC6DBCO --reason ""Accuracy bonus"""
"186","aws mturk send-bonus --worker-id A171S8E9IFSHH2 --bonus-amount 0.15 --assignment-id 34X6J5FLPU66TH1ZA5UU7A0FOJIQJA --reason ""Accuracy bonus"""
"187","aws mturk send-bonus --worker-id AYJGQBBK6KXZ7 --bonus-amount 0.15 --assignment-id 3DR23U6WE6MBAH7ZD8DYFZYA3INTE8 --reason ""Accuracy bonus"""
"188","aws mturk send-bonus --worker-id A3SKEW89V5S0DI --bonus-amount 0.15 --assignment-id 3NKQQ8O39ZDLIO8OHISOED2RMMBUDT --reason ""Accuracy bonus"""
"189","aws mturk send-bonus --worker-id A2STG331R3P3FK --bonus-amount 0.15 --assignment-id 3PQMUDRV7SEXH8TAFF4LM7UTKX8IIP --reason ""Accuracy bonus"""
"190","aws mturk send-bonus --worker-id A3BMEVFSETVOUR --bonus-amount 0.15 --assignment-id 3PW9OPU9PRSI6HJAI5YN7S6QEYJ12M --reason ""Accuracy bonus"""
"191","aws mturk send-bonus --worker-id AYJGQBBK6KXZ7 --bonus-amount 0.15 --assignment-id 31HQ4X3T3TIO1N4C5UVCIPS8A8GSLZ --reason ""Accuracy bonus"""
"192","aws mturk send-bonus --worker-id A2STG331R3P3FK --bonus-amount 0.15 --assignment-id 31QNSG6A5S173I01N2OXITA63U4876 --reason ""Accuracy bonus"""
"193","aws mturk send-bonus --worker-id A2YO837C0O1E91 --bonus-amount 0.15 --assignment-id 35K3O9HUACL1RCPYIO89YVJ9CLHFEC --reason ""Accuracy bonus"""
"194","aws mturk send-bonus --worker-id A23WTODPHXZ68Y --bonus-amount 0.15 --assignment-id 3VFJCI1K407WEGQYFEYRFNI4SPSGRA --reason ""Accuracy bonus"""
"195","aws mturk send-bonus --worker-id A171S8E9IFSHH2 --bonus-amount 0.15 --assignment-id 3Z7VU45IPZP8CSMM7C71U3GXZGEZ16 --reason ""Accuracy bonus"""
"196","aws mturk send-bonus --worker-id A2YLF04UAKYVF1 --bonus-amount 0.15 --assignment-id 34MAJL3QP5VOJYCC9NVUO0ILWZV43L --reason ""Accuracy bonus"""
"197","aws mturk send-bonus --worker-id A18I566TMVVSFQ --bonus-amount 0.15 --assignment-id 37TD41K0AIHVYJA6SH2DF62LGTSSCX --reason ""Accuracy bonus"""
"198","aws mturk send-bonus --worker-id A2STG331R3P3FK --bonus-amount 0.15 --assignment-id 3IO1LGZLKA5OZIMW4SJ5CFAA8AX680 --reason ""Accuracy bonus"""
"199","aws mturk send-bonus --worker-id A171S8E9IFSHH2 --bonus-amount 0.15 --assignment-id 3J4Q2Z4UTZBSZ11YH4D9W0UNQJBWQ3 --reason ""Accuracy bonus"""
"200","aws mturk send-bonus --worker-id AJWES6SFIP3AT --bonus-amount 0.15 --assignment-id 3TVRFO09GLNWX4QBZ41ZHX90PEZXLB --reason ""Accuracy bonus"""
"201","aws mturk send-bonus --worker-id A171S8E9IFSHH2 --bonus-amount 0.15 --assignment-id 33PPO7FECWNG9XDON13AVAEGSTPIDE --reason ""Accuracy bonus"""
"202","aws mturk send-bonus --worker-id A2YLF04UAKYVF1 --bonus-amount 0.15 --assignment-id 3JMSRU9HQJ2QN9BOI3DDGHMV06IVEB --reason ""Accuracy bonus"""
"203","aws mturk send-bonus --worker-id A2STG331R3P3FK --bonus-amount 0.15 --assignment-id 3QAVNHZ3ENCK1RIIOU9LXPY2OTDLAI --reason ""Accuracy bonus"""
"204","aws mturk send-bonus --worker-id A38DC3BG1ZCVZ2 --bonus-amount 0.15 --assignment-id 3RWE2M8QWIIEOENL85S7LBQEK240NB --reason ""Accuracy bonus"""
"205","aws mturk send-bonus --worker-id AJWES6SFIP3AT --bonus-amount 0.15 --assignment-id 3U0SRXB7CED2O87K2IBM57R1TS2RNZ --reason ""Accuracy bonus"""
"206","aws mturk send-bonus --worker-id A171S8E9IFSHH2 --bonus-amount 0.15 --assignment-id 3DZQRBDBSMN7LJENZORCM3YRACK3S7 --reason ""Accuracy bonus"""
"207","aws mturk send-bonus --worker-id A2STG331R3P3FK --bonus-amount 0.15 --assignment-id 3KOPY89HM9AEMGVXCUIYU274ERRJ3N --reason ""Accuracy bonus"""
"208","aws mturk send-bonus --worker-id A38DC3BG1ZCVZ2 --bonus-amount 0.15 --assignment-id 3SITXWYCNWHKKV4Z8RC53UDVDJHXBI --reason ""Accuracy bonus"""
"209","aws mturk send-bonus --worker-id A3KU8DC7HJOGCM --bonus-amount 0.15 --assignment-id 3UNH76FOCTD53RY64COG0OVYRO9MYW --reason ""Accuracy bonus"""
"210","aws mturk send-bonus --worker-id AKSJ3C5O3V9RB --bonus-amount 0.15 --assignment-id 3XCC1ODXDMJNR5KCIA3391M6Y2JQRD --reason ""Accuracy bonus"""
"211","aws mturk send-bonus --worker-id A3SKEW89V5S0DI --bonus-amount 0.15 --assignment-id 3A1PQ49WVIPML7MS1Q1UUWCS3H71HA --reason ""Accuracy bonus"""
"212","aws mturk send-bonus --worker-id A2YLF04UAKYVF1 --bonus-amount 0.15 --assignment-id 3AMW0RGHOEAHCVR5PQ7X0CRMSA8PNZ --reason ""Accuracy bonus"""
"213","aws mturk send-bonus --worker-id A2STG331R3P3FK --bonus-amount 0.15 --assignment-id 3I02618YA1EU7LBEMRJJE7JG05DPU1 --reason ""Accuracy bonus"""
"214","aws mturk send-bonus --worker-id A171S8E9IFSHH2 --bonus-amount 0.15 --assignment-id 3WS1NTTKEZK20MA4AH9UD6H5IA2F01 --reason ""Accuracy bonus"""
"215","aws mturk send-bonus --worker-id AYJGQBBK6KXZ7 --bonus-amount 0.15 --assignment-id 3YZ8UPK3VUUBDW2AHMXDU7K91L5UCX --reason ""Accuracy bonus"""
"216","aws mturk send-bonus --worker-id A171S8E9IFSHH2 --bonus-amount 0.15 --assignment-id 30LSNF239V3T6NF8QCJTZRNCV4C2I5 --reason ""Accuracy bonus"""
"217","aws mturk send-bonus --worker-id A2UHK8HUXXMSVM --bonus-amount 0.15 --assignment-id 3A1COHJ8NK34W76D0BA996Z0HX28HA --reason ""Accuracy bonus"""
"218","aws mturk send-bonus --worker-id A38DC3BG1ZCVZ2 --bonus-amount 0.15 --assignment-id 3BV8HQ2ZZX92I6FB1Q3J86G5Y1Q6A3 --reason ""Accuracy bonus"""
"219","aws mturk send-bonus --worker-id AJWES6SFIP3AT --bonus-amount 0.15 --assignment-id 3M68NM076IFUHN1S31P53W5FY46R6M --reason ""Accuracy bonus"""
"220","aws mturk send-bonus --worker-id A2YLF04UAKYVF1 --bonus-amount 0.15 --assignment-id 3T111IHZ5FYHZ63Q18SHN6WHO6BR9W --reason ""Accuracy bonus"""
"221","aws mturk send-bonus --worker-id A25D66AC4QUW2U --bonus-amount 0.15 --assignment-id 36V4Q8R5ZL8WUP7KD27MN2SWSGEMQH --reason ""Accuracy bonus"""
"222","aws mturk send-bonus --worker-id A2STG331R3P3FK --bonus-amount 0.15 --assignment-id 38SKSKU7R25Z791G0I1YENML13OLIW --reason ""Accuracy bonus"""
"223","aws mturk send-bonus --worker-id A171S8E9IFSHH2 --bonus-amount 0.15 --assignment-id 3JJVG1YBEC5BICKP2LTABBMBKK95BI --reason ""Accuracy bonus"""
"224","aws mturk send-bonus --worker-id A2YLF04UAKYVF1 --bonus-amount 0.15 --assignment-id 3U5JL4WY5LH0ZWJQTC2IVG7P3S8X4M --reason ""Accuracy bonus"""
"225","aws mturk send-bonus --worker-id AJWES6SFIP3AT --bonus-amount 0.15 --assignment-id 3Y9N9SS8LZJ1JUV52YWNR4CR9CID31 --reason ""Accuracy bonus"""
"226","aws mturk send-bonus --worker-id A38DC3BG1ZCVZ2 --bonus-amount 0.15 --assignment-id 31N2WW6R9SYYHE91T4RDF4FCLME3FC --reason ""Accuracy bonus"""
"227","aws mturk send-bonus --worker-id A2YLF04UAKYVF1 --bonus-amount 0.15 --assignment-id 37Z929RLGAGCK0CHE3X34G2P4COTS7 --reason ""Accuracy bonus"""
"228","aws mturk send-bonus --worker-id ARJ6SPCZJVARE --bonus-amount 0.15 --assignment-id 3KIBXJ1WD62YJPU1DD22JK5SOA4OK9 --reason ""Accuracy bonus"""
"229","aws mturk send-bonus --worker-id A171S8E9IFSHH2 --bonus-amount 0.15 --assignment-id 3NG53N1RLWRW9O41JOIEIF1R3EPP8P --reason ""Accuracy bonus"""
"230","aws mturk send-bonus --worker-id AYJGQBBK6KXZ7 --bonus-amount 0.15 --assignment-id 3QRYMNZ7FZPF4NKC67GH5MSJHCCTNP --reason ""Accuracy bonus"""
"231","aws mturk send-bonus --worker-id A2YO837C0O1E91 --bonus-amount 0.15 --assignment-id 3JJVG1YBEC5BICKP2LTABBMBKJWB59 --reason ""Accuracy bonus"""
"232","aws mturk send-bonus --worker-id A18LFH7XW61JO9 --bonus-amount 0.15 --assignment-id 3OUYGIZWR86ERZZYOK5ZP0V9KF5P0S --reason ""Accuracy bonus"""
"233","aws mturk send-bonus --worker-id A171S8E9IFSHH2 --bonus-amount 0.15 --assignment-id 3TXMY6UCAFWJL3VT0DD8K6NKYZLCQU --reason ""Accuracy bonus"""
"234","aws mturk send-bonus --worker-id AYJGQBBK6KXZ7 --bonus-amount 0.15 --assignment-id 3UJ1CZ6IZIXAZY1RD7F510WBO6NS5U --reason ""Accuracy bonus"""
"235","aws mturk send-bonus --worker-id A2YLF04UAKYVF1 --bonus-amount 0.15 --assignment-id 3YHH42UU5CNO0EK0WSCS8JMPF59L0V --reason ""Accuracy bonus"""
"236","aws mturk send-bonus --worker-id A2STG331R3P3FK --bonus-amount 0.15 --assignment-id 35H6S234SB85C03U6UC20V0J6T656P --reason ""Accuracy bonus"""
"237","aws mturk send-bonus --worker-id A171S8E9IFSHH2 --bonus-amount 0.15 --assignment-id 3CPLWGV3MP7WK8BY81B0EMR7NETN9L --reason ""Accuracy bonus"""
"238","aws mturk send-bonus --worker-id A2YO837C0O1E91 --bonus-amount 0.15 --assignment-id 3LWJHTCVCDUQOFF3RF39SC8NVOLQFF --reason ""Accuracy bonus"""
"239","aws mturk send-bonus --worker-id AJWES6SFIP3AT --bonus-amount 0.15 --assignment-id 3PMBY0YE28BDT4E7JB2MYBXVO8C9CI --reason ""Accuracy bonus"""
"240","aws mturk send-bonus --worker-id AYJGQBBK6KXZ7 --bonus-amount 0.15 --assignment-id 3XC1O3LBOTUPGNHRUU02SUOUCRELT1 --reason ""Accuracy bonus"""
"241","aws mturk send-bonus --worker-id AJWES6SFIP3AT --bonus-amount 0.15 --assignment-id 326O153BMJ64TSB2RIDJAVGO0WKEDV --reason ""Accuracy bonus"""
"242","aws mturk send-bonus --worker-id A3GUJ6JD25FX7O --bonus-amount 0.15 --assignment-id 3HPZF4IVNN1SU5MFRNU2XSQMX7ECY7 --reason ""Accuracy bonus"""
"243","aws mturk send-bonus --worker-id A171S8E9IFSHH2 --bonus-amount 0.15 --assignment-id 3P529IW9KZTFXIZQZAVDBQ9TL6MLFL --reason ""Accuracy bonus"""
"244","aws mturk send-bonus --worker-id A2YO837C0O1E91 --bonus-amount 0.15 --assignment-id 3VE8AYVF8N5KIBF75LM96LNN164F8A --reason ""Accuracy bonus"""
"245","aws mturk send-bonus --worker-id A2XFO0X6RCS98M --bonus-amount 0.15 --assignment-id 3WMOAN2SRC5UHFO1B2GW64G4EVDVNO --reason ""Accuracy bonus"""
"246","aws mturk send-bonus --worker-id A18I566TMVVSFQ --bonus-amount 0.15 --assignment-id 30IQTZXKALEJ081PABFGJDHCMCJX0P --reason ""Accuracy bonus"""
"247","aws mturk send-bonus --worker-id AYJGQBBK6KXZ7 --bonus-amount 0.15 --assignment-id 34PGFRQONPJBDEXLMET0ZZI1CKBWJW --reason ""Accuracy bonus"""
"248","aws mturk send-bonus --worker-id AFKZZEURTCR8U --bonus-amount 0.15 --assignment-id 3B837J3LDP4Z4LZPAES84117GNIRSB --reason ""Accuracy bonus"""
"249","aws mturk send-bonus --worker-id A2STG331R3P3FK --bonus-amount 0.15 --assignment-id 3M81GAB8A1R0BY3NMDHD9MH2GEFQBV --reason ""Accuracy bonus"""
"250","aws mturk send-bonus --worker-id A171S8E9IFSHH2 --bonus-amount 0.15 --assignment-id 3MAOD8E57RIML4TWBHHEUPDPU62XNA --reason ""Accuracy bonus"""
"251","aws mturk send-bonus --worker-id A2YO837C0O1E91 --bonus-amount 0.15 --assignment-id 32Z9ZLUT1MS7HZTT7SZ56SP0WWTHOX --reason ""Accuracy bonus"""
"252","aws mturk send-bonus --worker-id AJWES6SFIP3AT --bonus-amount 0.15 --assignment-id 34PGFRQONPJBDEXLMET0ZZI1CNFWJ6 --reason ""Accuracy bonus"""
"253","aws mturk send-bonus --worker-id A171S8E9IFSHH2 --bonus-amount 0.15 --assignment-id 37Q970SNZFGBBG08CKDTYAJUCUS1S3 --reason ""Accuracy bonus"""
"254","aws mturk send-bonus --worker-id A18I566TMVVSFQ --bonus-amount 0.15 --assignment-id 37TRT2X24RZJPBZARNX4CL5G2ORJBB --reason ""Accuracy bonus"""
"255","aws mturk send-bonus --worker-id AYJGQBBK6KXZ7 --bonus-amount 0.15 --assignment-id 3TY7ZAOG5GSDG82IBS0RTJ9AQAQ0K3 --reason ""Accuracy bonus"""
"256","aws mturk send-bonus --worker-id A2STG331R3P3FK --bonus-amount 0.15 --assignment-id 392CY0QWG2Z391UVUQ2HS6KAFEA4IX --reason ""Accuracy bonus"""
"257","aws mturk send-bonus --worker-id A171S8E9IFSHH2 --bonus-amount 0.15 --assignment-id 3G0WWMR1UWS2C7SKP3MM0HHWX4NQNG --reason ""Accuracy bonus"""
"258","aws mturk send-bonus --worker-id AJWES6SFIP3AT --bonus-amount 0.15 --assignment-id 3R0T90IZ1TKS8E1FXH8WQSJISDIGCB --reason ""Accuracy bonus"""
"259","aws mturk send-bonus --worker-id A2YLF04UAKYVF1 --bonus-amount 0.15 --assignment-id 3SB5N7Y3O4C8EM6ZL1FCVRHHJQ00GL --reason ""Accuracy bonus"""
"260","aws mturk send-bonus --worker-id A2YO837C0O1E91 --bonus-amount 0.15 --assignment-id 3TPWUS5F8A9O50RFCMCECV56M2KCWK --reason ""Accuracy bonus"""
"261","aws mturk send-bonus --worker-id A3BMEVFSETVOUR --bonus-amount 0.15 --assignment-id 34PGFRQONPJBDEXLMET0ZZI1CNWWJN --reason ""Accuracy bonus"""
"262","aws mturk send-bonus --worker-id A38DC3BG1ZCVZ2 --bonus-amount 0.15 --assignment-id 39U1BHVTDMZ80JR2OOW2W8UDCWTT3J --reason ""Accuracy bonus"""
"263","aws mturk send-bonus --worker-id A2STG331R3P3FK --bonus-amount 0.15 --assignment-id 3IX2EGZR7CR65IGZNKJUC0AKK93JRV --reason ""Accuracy bonus"""
"264","aws mturk send-bonus --worker-id A2YLF04UAKYVF1 --bonus-amount 0.15 --assignment-id 3NVC2EB65R74H5QWYUJ14PMSRYUY3W --reason ""Accuracy bonus"""
"265","aws mturk send-bonus --worker-id AJWES6SFIP3AT --bonus-amount 0.15 --assignment-id 3VZLGYJEYMIG2T7FE5S8PCKY4M8XZT --reason ""Accuracy bonus"""
"266","aws mturk send-bonus --worker-id A2YO837C0O1E91 --bonus-amount 0.15 --assignment-id 37FMASSAYDZNU0F495C40KQGPBABI3 --reason ""Accuracy bonus"""
"267","aws mturk send-bonus --worker-id AJWES6SFIP3AT --bonus-amount 0.15 --assignment-id 39L1G8WVWRZ7RZFTM5CSQ2BIKFQ13A --reason ""Accuracy bonus"""
"268","aws mturk send-bonus --worker-id AYJGQBBK6KXZ7 --bonus-amount 0.15 --assignment-id 3DHE4R9OCXJFAW9D0OJQEFAWGRX2GQ --reason ""Accuracy bonus"""
"269","aws mturk send-bonus --worker-id A171S8E9IFSHH2 --bonus-amount 0.15 --assignment-id 3OVR4I9USQRGQZIE7Y7Q18BW6P1Q4Y --reason ""Accuracy bonus"""
"270","aws mturk send-bonus --worker-id A2YLF04UAKYVF1 --bonus-amount 0.15 --assignment-id 3WRFBPLXRBWA56MIRSAQN9OLNEZN34 --reason ""Accuracy bonus"""
"271","aws mturk send-bonus --worker-id A171S8E9IFSHH2 --bonus-amount 0.15 --assignment-id 30BXRYBRP55FM82VYEQFNM2MZ4UWH2 --reason ""Accuracy bonus"""
"272","aws mturk send-bonus --worker-id A2YO837C0O1E91 --bonus-amount 0.15 --assignment-id 3483FV8BEFRDD3K7OBA42OX7MJ426A --reason ""Accuracy bonus"""
"273","aws mturk send-bonus --worker-id AYJGQBBK6KXZ7 --bonus-amount 0.15 --assignment-id 37Q970SNZFGBBG08CKDTYAJUC2N1SE --reason ""Accuracy bonus"""
"274","aws mturk send-bonus --worker-id A18LFH7XW61JO9 --bonus-amount 0.15 --assignment-id 3HHRAGRYX9DE2TBA9GBDTBRCDPF9O5 --reason ""Accuracy bonus"""
"275","aws mturk send-bonus --worker-id A3SKEW89V5S0DI --bonus-amount 0.15 --assignment-id 3XC1O3LBOTUPGNHRUU02SUOUCR4LTR --reason ""Accuracy bonus"""
"276","aws mturk send-bonus --worker-id AJWES6SFIP3AT --bonus-amount 0.15 --assignment-id 30IQTZXKALEJ081PABFGJDHCMFW0XB --reason ""Accuracy bonus"""
"277","aws mturk send-bonus --worker-id A3SKEW89V5S0DI --bonus-amount 0.15 --assignment-id 31Z0PCVWULNQ12SPQ0ZS9P6THWZT74 --reason ""Accuracy bonus"""
"278","aws mturk send-bonus --worker-id AYJGQBBK6KXZ7 --bonus-amount 0.15 --assignment-id 3E1QT0TDFQH4S2HX6TSU9I0FHYN8IL --reason ""Accuracy bonus"""
"279","aws mturk send-bonus --worker-id A171S8E9IFSHH2 --bonus-amount 0.15 --assignment-id 3H7XDTSHKDZ1MC7KE88X2MQLKTZGWJ --reason ""Accuracy bonus"""
"280","aws mturk send-bonus --worker-id A2YO837C0O1E91 --bonus-amount 0.15 --assignment-id 3RANCT1ZVGPS3RA43M1IJNERJ0HBUJ --reason ""Accuracy bonus"""
"281","aws mturk send-bonus --worker-id A171S8E9IFSHH2 --bonus-amount 0.15 --assignment-id 3H8DHMCCWAJ7FS3CN4OM8QTTKTAKDF --reason ""Accuracy bonus"""
"282","aws mturk send-bonus --worker-id AYJGQBBK6KXZ7 --bonus-amount 0.15 --assignment-id 3LEP4MGT3H86MPZIHRBT9NA3XZDBDY --reason ""Accuracy bonus"""
"283","aws mturk send-bonus --worker-id A2STG331R3P3FK --bonus-amount 0.15 --assignment-id 3R2PKQ87NXGJDRJ10U2DE01A13AMIL --reason ""Accuracy bonus"""
"284","aws mturk send-bonus --worker-id A2YO837C0O1E91 --bonus-amount 0.15 --assignment-id 3RANCT1ZVGPS3RA43M1IJNERJ1SBUW --reason ""Accuracy bonus"""
"285","aws mturk send-bonus --worker-id A2HM35CWB7IIFM --bonus-amount 0.15 --assignment-id 3U5JL4WY5LH0ZWJQTC2IVG7P3Q74XO --reason ""Accuracy bonus"""
"286","aws mturk send-bonus --worker-id AYJGQBBK6KXZ7 --bonus-amount 0.15 --assignment-id 38F5OAUN5OK0WT1UQ6I3V63562YH7C --reason ""Accuracy bonus"""
"287","aws mturk send-bonus --worker-id ABMPX2Y2IRBMG --bonus-amount 0.15 --assignment-id 3AZHRG4CU5S7KAUBQM8SCXS8FHJ30W --reason ""Accuracy bonus"""
"288","aws mturk send-bonus --worker-id A3SKEW89V5S0DI --bonus-amount 0.15 --assignment-id 3FPRZHYEPZFNDBVRTJWHXQIY9F7V3V --reason ""Accuracy bonus"""
"289","aws mturk send-bonus --worker-id AFKZZEURTCR8U --bonus-amount 0.15 --assignment-id 3PXX5PX6LY68OIW6XHKRJM2XCVCBAQ --reason ""Accuracy bonus"""
"290","aws mturk send-bonus --worker-id A171S8E9IFSHH2 --bonus-amount 0.15 --assignment-id 3TS1AR6UQRMGIXAOVGU3SLRSQMCF71 --reason ""Accuracy bonus"""
"291","aws mturk send-bonus --worker-id AYJGQBBK6KXZ7 --bonus-amount 0.15 --assignment-id 336KAV9KYR0FWNUDUU5WLFH0LJIY27 --reason ""Accuracy bonus"""
"292","aws mturk send-bonus --worker-id A2YO837C0O1E91 --bonus-amount 0.15 --assignment-id 33L7PJKHCH6U1GX805RYNP2OSGN8TO --reason ""Accuracy bonus"""
"293","aws mturk send-bonus --worker-id A2STG331R3P3FK --bonus-amount 0.15 --assignment-id 33SA9F9TRY232YBT8DI92J597DEEWU --reason ""Accuracy bonus"""
"294","aws mturk send-bonus --worker-id AJWES6SFIP3AT --bonus-amount 0.15 --assignment-id 3DPNQGW4LMNNGHZUSPTSV3U56NP64F --reason ""Accuracy bonus"""
"295","aws mturk send-bonus --worker-id A171S8E9IFSHH2 --bonus-amount 0.15 --assignment-id 3TYCR1GOTDRL2ZQQ0MPKEIPBXBXZL4 --reason ""Accuracy bonus"""
"296","aws mturk send-bonus --worker-id A2YLF04UAKYVF1 --bonus-amount 0.15 --assignment-id 336KAV9KYR0FWNUDUU5WLFH0LKK2YF --reason ""Accuracy bonus"""
"297","aws mturk send-bonus --worker-id A2STG331R3P3FK --bonus-amount 0.15 --assignment-id 3A4TN5196LQ68AWQHNQEBSVJ7HCCHV --reason ""Accuracy bonus"""
"298","aws mturk send-bonus --worker-id ACGHHDT7RY1AH --bonus-amount 0.15 --assignment-id 3HL8HNGX469KWGYHADSN6HIYLHSF9F --reason ""Accuracy bonus"""
"299","aws mturk send-bonus --worker-id A171S8E9IFSHH2 --bonus-amount 0.15 --assignment-id 3MMN5BL1W0C4NO1IFRVQAUZLINMM3Y --reason ""Accuracy bonus"""
"300","aws mturk send-bonus --worker-id AJWES6SFIP3AT --bonus-amount 0.15 --assignment-id 3O7L7BFSHFXL13ROJWEU1SW1S3REI0 --reason ""Accuracy bonus"""
"301","aws mturk send-bonus --worker-id AJWES6SFIP3AT --bonus-amount 0.15 --assignment-id 31HQ4X3T3TIO1N4C5UVCIPS8A27LS7 --reason ""Accuracy bonus"""
"302","aws mturk send-bonus --worker-id A171S8E9IFSHH2 --bonus-amount 0.15 --assignment-id 39OWYR0EPLZZXH6PIPK35YBPUQOFYF --reason ""Accuracy bonus"""
"303","aws mturk send-bonus --worker-id A2STG331R3P3FK --bonus-amount 0.15 --assignment-id 3HHRAGRYX9DE2TBA9GBDTBRCDI89OK --reason ""Accuracy bonus"""
"304","aws mturk send-bonus --worker-id A2YLF04UAKYVF1 --bonus-amount 0.15 --assignment-id 3LS2AMNW5GYKUSSWQIMZF6H1NJ6OQH --reason ""Accuracy bonus"""
"305","aws mturk send-bonus --worker-id ARFAW0SGYEMFL --bonus-amount 0.15 --assignment-id 3TS1AR6UQRMGIXAOVGU3SLRSQSM7FF --reason ""Accuracy bonus"""
"306","aws mturk send-bonus --worker-id A171S8E9IFSHH2 --bonus-amount 0.15 --assignment-id 34Z02EIMITLCJRS551EJUAW69M40TU --reason ""Accuracy bonus"""
"307","aws mturk send-bonus --worker-id A2YLF04UAKYVF1 --bonus-amount 0.15 --assignment-id 3AZHRG4CU5S7KAUBQM8SCXS8FO130S --reason ""Accuracy bonus"""
"308","aws mturk send-bonus --worker-id A3SKEW89V5S0DI --bonus-amount 0.15 --assignment-id 3KAKFY4PGVAIR5BRUCXYI1S41IY3I3 --reason ""Accuracy bonus"""
"309","aws mturk send-bonus --worker-id A2STG331R3P3FK --bonus-amount 0.15 --assignment-id 3PXX5PX6LY68OIW6XHKRJM2XCZ4BAQ --reason ""Accuracy bonus"""
"310","aws mturk send-bonus --worker-id AJWES6SFIP3AT --bonus-amount 0.15 --assignment-id 3ZPBJO59KQ9GD224HJLPVYD1SFFDHJ --reason ""Accuracy bonus"""
"311","aws mturk send-bonus --worker-id A3BMEVFSETVOUR --bonus-amount 0.15 --assignment-id 39KFRKBFIO3T3UJIHS3TSSK3MP5YO6 --reason ""Accuracy bonus"""
"312","aws mturk send-bonus --worker-id A3VOMP0WOJTB4I --bonus-amount 0.15 --assignment-id 3GNA64GUZFCYMIMEL3Q060HA6MX5QL --reason ""Accuracy bonus"""
"313","aws mturk send-bonus --worker-id A2YLF04UAKYVF1 --bonus-amount 0.15 --assignment-id 3IO1LGZLKA5OZIMW4SJ5CFAA8AA68D --reason ""Accuracy bonus"""
"314","aws mturk send-bonus --worker-id AJWES6SFIP3AT --bonus-amount 0.15 --assignment-id 3OVHNO1VE7924N2YN5RWV5H6O5TZDS --reason ""Accuracy bonus"""
"315","aws mturk send-bonus --worker-id A171S8E9IFSHH2 --bonus-amount 0.15 --assignment-id 3TXMY6UCAFWJL3VT0DD8K6NKY1SCQ5 --reason ""Accuracy bonus"""
"316","aws mturk send-bonus --worker-id AYJGQBBK6KXZ7 --bonus-amount 0.15 --assignment-id 3MB8LZR5BG1QD4R40LMAR31YT1JLK1 --reason ""Accuracy bonus"""
"317","aws mturk send-bonus --worker-id AJWES6SFIP3AT --bonus-amount 0.15 --assignment-id 3NG53N1RLWRW9O41JOIEIF1R3CCP88 --reason ""Accuracy bonus"""
"318","aws mturk send-bonus --worker-id A2YO837C0O1E91 --bonus-amount 0.15 --assignment-id 3OWEPKL08AKS6PN5T4DG0Q01SDB7ND --reason ""Accuracy bonus"""
"319","aws mturk send-bonus --worker-id AFKZZEURTCR8U --bonus-amount 0.15 --assignment-id 3QL2OFSM97QYI6I1KLLRGCSFTN7NCP --reason ""Accuracy bonus"""
"320","aws mturk send-bonus --worker-id A2STG331R3P3FK --bonus-amount 0.15 --assignment-id 3XLBSAQ9Z5KMNE1OWSOAVD7A2R8Z7B --reason ""Accuracy bonus"""
"321","aws mturk send-bonus --worker-id A2STG331R3P3FK --bonus-amount 0.15 --assignment-id 31LM9EDVOM0LQKO7UD2D3G5AJADJN2 --reason ""Accuracy bonus"""
"322","aws mturk send-bonus --worker-id A18I566TMVVSFQ --bonus-amount 0.15 --assignment-id 39KFRKBFIO3T3UJIHS3TSSK3MS2YO9 --reason ""Accuracy bonus"""
"323","aws mturk send-bonus --worker-id A171S8E9IFSHH2 --bonus-amount 0.15 --assignment-id 3D4CH1LGEB1QAGUCLXY5O2IAMU49GG --reason ""Accuracy bonus"""
"324","aws mturk send-bonus --worker-id A2YLF04UAKYVF1 --bonus-amount 0.15 --assignment-id 3OS4RQUCRAN3K9DE8X6JXNDO9FIBF4 --reason ""Accuracy bonus"""
"325","aws mturk send-bonus --worker-id AJWES6SFIP3AT --bonus-amount 0.15 --assignment-id 3XLBSAQ9Z5KMNE1OWSOAVD7A2TL7Z0 --reason ""Accuracy bonus"""
"326","aws mturk send-bonus --worker-id A2YLF04UAKYVF1 --bonus-amount 0.15 --assignment-id 32Z9ZLUT1MS7HZTT7SZ56SP0WVEHOG --reason ""Accuracy bonus"""
"327","aws mturk send-bonus --worker-id ACGHHDT7RY1AH --bonus-amount 0.15 --assignment-id 34YB12FSQZW5H0D6A62ATOOUMVQGM5 --reason ""Accuracy bonus"""
"328","aws mturk send-bonus --worker-id A3SKEW89V5S0DI --bonus-amount 0.15 --assignment-id 3EO896NRAX3JLXTRR9OPCFB28WVTJH --reason ""Accuracy bonus"""
"329","aws mturk send-bonus --worker-id AYJGQBBK6KXZ7 --bonus-amount 0.15 --assignment-id 3FTF2T8WLSQM72KC022NA54YGLPW93 --reason ""Accuracy bonus"""
"330","aws mturk send-bonus --worker-id A171S8E9IFSHH2 --bonus-amount 0.15 --assignment-id 3VD82FOHKRWG0RIDL0L4V1SKJ3BOCG --reason ""Accuracy bonus"""
"331","aws mturk send-bonus --worker-id AJWES6SFIP3AT --bonus-amount 0.15 --assignment-id 34Z02EIMITLCJRS551EJUAW69H9T0I --reason ""Accuracy bonus"""
"332","aws mturk send-bonus --worker-id A2STG331R3P3FK --bonus-amount 0.15 --assignment-id 38F5OAUN5OK0WT1UQ6I3V63561UH76 --reason ""Accuracy bonus"""
"333","aws mturk send-bonus --worker-id A2HM35CWB7IIFM --bonus-amount 0.15 --assignment-id 3QXNC7EIPJ3TZCJR7V923AVUFB409P --reason ""Accuracy bonus"""
"334","aws mturk send-bonus --worker-id A2YO837C0O1E91 --bonus-amount 0.15 --assignment-id 3WLEIWSYHPPTAS4OKU18ZFMXVMY2H3 --reason ""Accuracy bonus"""
"335","aws mturk send-bonus --worker-id AYJGQBBK6KXZ7 --bonus-amount 0.15 --assignment-id 3YT88D1N0969X01FUFIAVH7HTFRK3L --reason ""Accuracy bonus"""
"336","aws mturk send-bonus --worker-id A171S8E9IFSHH2 --bonus-amount 0.15 --assignment-id 31Q0U3WYDQNPSIGGOHFI3JNYPJK17R --reason ""Accuracy bonus"""
"337","aws mturk send-bonus --worker-id AJWES6SFIP3AT --bonus-amount 0.15 --assignment-id 35USIKEBNSO92P90AU8OUC05X8X6NV --reason ""Accuracy bonus"""
"338","aws mturk send-bonus --worker-id AYJGQBBK6KXZ7 --bonus-amount 0.15 --assignment-id 369J354OFEI3SXSENQVT4SR8W2W6GK --reason ""Accuracy bonus"""
"339","aws mturk send-bonus --worker-id A10NF5TK6IFNX6 --bonus-amount 0.15 --assignment-id 3A9AA95ATXUDM6LZLQBB6VR01Y2P5L --reason ""Accuracy bonus"""
"340","aws mturk send-bonus --worker-id A38DC3BG1ZCVZ2 --bonus-amount 0.15 --assignment-id 3X3OR7WPZ086I3P3RWP71YS7Y9C8L8 --reason ""Accuracy bonus"""
"341","aws mturk send-bonus --worker-id A2YO837C0O1E91 --bonus-amount 0.15 --assignment-id 30ZX6P7VF93P1YZE8U4TBS2C8ED2JJ --reason ""Accuracy bonus"""
"342","aws mturk send-bonus --worker-id A171S8E9IFSHH2 --bonus-amount 0.15 --assignment-id 338JKRMM277IFVZSX9UN5X5V7AOAHG --reason ""Accuracy bonus"""
"343","aws mturk send-bonus --worker-id A3BMEVFSETVOUR --bonus-amount 0.15 --assignment-id 33F859I567LNY54K3NUJ08P1PTSBHX --reason ""Accuracy bonus"""
"344","aws mturk send-bonus --worker-id AJWES6SFIP3AT --bonus-amount 0.15 --assignment-id 39RP059MEI19QJ5VUKAWSDXX6F8BMN --reason ""Accuracy bonus"""
"345","aws mturk send-bonus --worker-id AYJGQBBK6KXZ7 --bonus-amount 0.15 --assignment-id 3VHP9MDGROSMUE5KMX2E87J6RXKCF8 --reason ""Accuracy bonus"""
"346","aws mturk send-bonus --worker-id A23WTODPHXZ68Y --bonus-amount 0.15 --assignment-id 32SVAV9L3GH3LNSTIO5L134LOGU3AC --reason ""Accuracy bonus"""
"347","aws mturk send-bonus --worker-id A38DC3BG1ZCVZ2 --bonus-amount 0.15 --assignment-id 3LJ7UR74RILVN25MR6F9XEGR1NMN4Y --reason ""Accuracy bonus"""
"348","aws mturk send-bonus --worker-id A2STG331R3P3FK --bonus-amount 0.15 --assignment-id 3NJM2BJS4XEYLRUE00YJK1XATEDPCG --reason ""Accuracy bonus"""
"349","aws mturk send-bonus --worker-id A171S8E9IFSHH2 --bonus-amount 0.15 --assignment-id 3R8YZBNQ9IQD9M0X9W5X4KV6X027QS --reason ""Accuracy bonus"""
"350","aws mturk send-bonus --worker-id ARFAW0SGYEMFL --bonus-amount 0.15 --assignment-id 3WMOAN2SRC5UHFO1B2GW64G4E7MVNL --reason ""Accuracy bonus"""
"351","aws mturk send-bonus --worker-id A2STG331R3P3FK --bonus-amount 0.15 --assignment-id 3C44YUNSI2X8QJ0S0WTU47FSE6XDPW --reason ""Accuracy bonus"""
"352","aws mturk send-bonus --worker-id A2YLF04UAKYVF1 --bonus-amount 0.15 --assignment-id 3C8HJ7UOP8258H8B0YQZEV40XJ5MZH --reason ""Accuracy bonus"""
"353","aws mturk send-bonus --worker-id AJWES6SFIP3AT --bonus-amount 0.15 --assignment-id 3DL65MZB8ENUO05ORMI8QPY6FZ3ECW --reason ""Accuracy bonus"""
"354","aws mturk send-bonus --worker-id A3SKEW89V5S0DI --bonus-amount 0.15 --assignment-id 3MHW492WW1LOZX31Z11WTPR498OVMF --reason ""Accuracy bonus"""
"355","aws mturk send-bonus --worker-id A171S8E9IFSHH2 --bonus-amount 0.15 --assignment-id 3QFUFYSY9ZNJZAS5TIWWP97IZM2F41 --reason ""Accuracy bonus"""
"356","aws mturk send-bonus --worker-id A18I566TMVVSFQ --bonus-amount 0.15 --assignment-id 304SM51WA4CCOEI0EH6I4MW3Y8TSBR --reason ""Accuracy bonus"""
"357","aws mturk send-bonus --worker-id AJWES6SFIP3AT --bonus-amount 0.15 --assignment-id 30JNVC0ORASA2B69M5R9VXK0BUXQHU --reason ""Accuracy bonus"""
"358","aws mturk send-bonus --worker-id A2STG331R3P3FK --bonus-amount 0.15 --assignment-id 3FQ5JJ512MWG14UPCY2P4V5NY2NKNI --reason ""Accuracy bonus"""
"359","aws mturk send-bonus --worker-id A171S8E9IFSHH2 --bonus-amount 0.15 --assignment-id 3VJ40NV2QJVXM8KO7MGUKBSO7PJOT7 --reason ""Accuracy bonus"""
"360","aws mturk send-bonus --worker-id A2YLF04UAKYVF1 --bonus-amount 0.15 --assignment-id 3WJEQKOXA9A7BKEEVKR2DAPOQQQ1AG --reason ""Accuracy bonus"""
"361","aws mturk send-bonus --worker-id A171S8E9IFSHH2 --bonus-amount 0.15 --assignment-id 31HQ4X3T3TIO1N4C5UVCIPS8A0TLSP --reason ""Accuracy bonus"""
"362","aws mturk send-bonus --worker-id A2YLF04UAKYVF1 --bonus-amount 0.15 --assignment-id 31HQ4X3T3TIO1N4C5UVCIPS8A2LSLS --reason ""Accuracy bonus"""
"363","aws mturk send-bonus --worker-id A2YO837C0O1E91 --bonus-amount 0.15 --assignment-id 3B3WTRP3DCA0VMM5MIDGMYO9CD9294 --reason ""Accuracy bonus"""
"364","aws mturk send-bonus --worker-id A2STG331R3P3FK --bonus-amount 0.15 --assignment-id 3FTOP5WARGWI5OW0T70FS49XBJ6J0Z --reason ""Accuracy bonus"""
"365","aws mturk send-bonus --worker-id AJWES6SFIP3AT --bonus-amount 0.15 --assignment-id 3SBEHTYCWOBJ788FJXQO8VOHAGWIYL --reason ""Accuracy bonus"""
"366","aws mturk send-bonus --worker-id A3BMEVFSETVOUR --bonus-amount 0.15 --assignment-id 39GXDJN2OUM9E81X50RDO7Q9P2K8VN --reason ""Accuracy bonus"""
"367","aws mturk send-bonus --worker-id A171S8E9IFSHH2 --bonus-amount 0.15 --assignment-id 3R0T90IZ1TKS8E1FXH8WQSJISD0CGP --reason ""Accuracy bonus"""
"368","aws mturk send-bonus --worker-id A2STG331R3P3FK --bonus-amount 0.15 --assignment-id 3S96KQ6I9NC6IBTZHD2E9HGP385TD2 --reason ""Accuracy bonus"""
"369","aws mturk send-bonus --worker-id AJWES6SFIP3AT --bonus-amount 0.15 --assignment-id 3TEM0PF1Q65522W8JBE4P6EK6W2D02 --reason ""Accuracy bonus"""
"370","aws mturk send-bonus --worker-id AYJGQBBK6KXZ7 --bonus-amount 0.15 --assignment-id 3ZGVPD4G6UP9LCYV9VRB09ZSRP2TZM --reason ""Accuracy bonus"""
"371","aws mturk send-bonus --worker-id AYJGQBBK6KXZ7 --bonus-amount 0.15 --assignment-id 33FOTY3KENTV4ZBCFYNTJ5FCQSAC1Q --reason ""Accuracy bonus"""
"372","aws mturk send-bonus --worker-id A2YLF04UAKYVF1 --bonus-amount 0.15 --assignment-id 374TNBHA8C3WO6WYW5VXHXF31QBYQ2 --reason ""Accuracy bonus"""
"373","aws mturk send-bonus --worker-id AJWES6SFIP3AT --bonus-amount 0.15 --assignment-id 3B3WTRP3DCA0VMM5MIDGMYO9CBI299 --reason ""Accuracy bonus"""
"374","aws mturk send-bonus --worker-id ACGHHDT7RY1AH --bonus-amount 0.15 --assignment-id 3JZQSN0I3RIZBQLPOJYXYY4LPUNGF7 --reason ""Accuracy bonus"""
"375","aws mturk send-bonus --worker-id A171S8E9IFSHH2 --bonus-amount 0.15 --assignment-id 3S96KQ6I9NC6IBTZHD2E9HGP3A4DTP --reason ""Accuracy bonus"""
"376","aws mturk send-bonus --worker-id A2YLF04UAKYVF1 --bonus-amount 0.15 --assignment-id 32N49TQG3HQNXWUC2YBRKYW4FWGVAM --reason ""Accuracy bonus"""
"377","aws mturk send-bonus --worker-id AJWES6SFIP3AT --bonus-amount 0.15 --assignment-id 3IFS6Q0HJJRMBMW6KRYZQ90GTYZISC --reason ""Accuracy bonus"""
"378","aws mturk send-bonus --worker-id A171S8E9IFSHH2 --bonus-amount 0.15 --assignment-id 3TE22NPXPCK91UVG910DY5ARAZ944O --reason ""Accuracy bonus"""
"379","aws mturk send-bonus --worker-id A18I566TMVVSFQ --bonus-amount 0.15 --assignment-id 3W92K5RLWVPQRQIV72KACNGINH7V56 --reason ""Accuracy bonus"""
"380","aws mturk send-bonus --worker-id A2STG331R3P3FK --bonus-amount 0.15 --assignment-id 3Z7ISHFUH13QNS676XGG9D35DGUZ8O --reason ""Accuracy bonus"""
"381","aws mturk send-bonus --worker-id A3NAHN61XJ3ZAT --bonus-amount 0.15 --assignment-id 354P56DE9LBPM2FA10U2ZKA7FEVS7Q --reason ""Accuracy bonus"""
"382","aws mturk send-bonus --worker-id A3BMEVFSETVOUR --bonus-amount 0.15 --assignment-id 3HL8HNGX469KWGYHADSN6HIYLEC9FN --reason ""Accuracy bonus"""
"383","aws mturk send-bonus --worker-id A2STG331R3P3FK --bonus-amount 0.15 --assignment-id 3R08VXYT7D3ITJWJL543W9DSLRKW72 --reason ""Accuracy bonus"""
"384","aws mturk send-bonus --worker-id A171S8E9IFSHH2 --bonus-amount 0.15 --assignment-id 3TAYZSBPLMGI01I4VOD73TTZ4WSS2P --reason ""Accuracy bonus"""
"385","aws mturk send-bonus --worker-id AYJGQBBK6KXZ7 --bonus-amount 0.15 --assignment-id 3URFVVM166QOLPDK90HL55LUA40UZ7 --reason ""Accuracy bonus"""
"386","aws mturk send-bonus --worker-id AJWES6SFIP3AT --bonus-amount 0.15 --assignment-id 30JNVC0ORASA2B69M5R9VXK0BV5HQV --reason ""Accuracy bonus"""
"387","aws mturk send-bonus --worker-id A2STG331R3P3FK --bonus-amount 0.15 --assignment-id 3180JW2OT5KH0VI1QD6R9Z5OSSCJ5H --reason ""Accuracy bonus"""
"388","aws mturk send-bonus --worker-id A171S8E9IFSHH2 --bonus-amount 0.15 --assignment-id 392CY0QWG2Z391UVUQ2HS6KAFGRI4W --reason ""Accuracy bonus"""
"389","aws mturk send-bonus --worker-id ARFAW0SGYEMFL --bonus-amount 0.15 --assignment-id 3U088ZLJVL14B8WZ06JUHU35DHYW0U --reason ""Accuracy bonus"""
"390","aws mturk send-bonus --worker-id A2YLF04UAKYVF1 --bonus-amount 0.15 --assignment-id 3X65QVEQI1V8U6FG885C3KOQOW7CLK --reason ""Accuracy bonus"""
"391","aws mturk send-bonus --worker-id AKVDY8OXNMQED --bonus-amount 0.15 --assignment-id 30OG32W0SVJDF42FGCRM60SIEZQENF --reason ""Accuracy bonus"""
"392","aws mturk send-bonus --worker-id AYJGQBBK6KXZ7 --bonus-amount 0.15 --assignment-id 3AMW0RGHOEAHCVR5PQ7X0CRMS6RPNA --reason ""Accuracy bonus"""
"393","aws mturk send-bonus --worker-id A171S8E9IFSHH2 --bonus-amount 0.15 --assignment-id 3FIJLY1B6VC5O3EOR2OKS7IDQG9FPZ --reason ""Accuracy bonus"""
"394","aws mturk send-bonus --worker-id A2YO837C0O1E91 --bonus-amount 0.15 --assignment-id 3STRJBFXOXZEWHZ99UO1DUBFNF0TK9 --reason ""Accuracy bonus"""
"395","aws mturk send-bonus --worker-id A3GUJ6JD25FX7O --bonus-amount 0.15 --assignment-id 3ZDAD0O1T2LKGHYG8D3Q3OJHJNKTX1 --reason ""Accuracy bonus"""
"396","aws mturk send-bonus --worker-id AKVDY8OXNMQED --bonus-amount 0.15 --assignment-id 3EJJQNKU9SDAECL9ZKG90NU57GEHR1 --reason ""Accuracy bonus"""
"397","aws mturk send-bonus --worker-id A2STG331R3P3FK --bonus-amount 0.15 --assignment-id 3N8OEVH1FSYH9GFGB5UVQ1M18DROO2 --reason ""Accuracy bonus"""
"398","aws mturk send-bonus --worker-id AJWES6SFIP3AT --bonus-amount 0.15 --assignment-id 3S96KQ6I9NC6IBTZHD2E9HGP367DTK --reason ""Accuracy bonus"""
"399","aws mturk send-bonus --worker-id AYJGQBBK6KXZ7 --bonus-amount 0.15 --assignment-id 3SLE99ER0OL9PQ4E990Q0FT6LIEZBE --reason ""Accuracy bonus"""
"400","aws mturk send-bonus --worker-id A3P7M9666KJCP --bonus-amount 0.15 --assignment-id 3ZPPDN2SLW4SQ2YLF28HOZXY9EF9EP --reason ""Accuracy bonus"""
"401","aws mturk send-bonus --worker-id AJWES6SFIP3AT --bonus-amount 0.15 --assignment-id 3IQ1VMJRYUSP0PH9ZX6VSG77O18A9Q --reason ""Accuracy bonus"""
"402","aws mturk send-bonus --worker-id A38DC3BG1ZCVZ2 --bonus-amount 0.15 --assignment-id 3K3R2QNK8CB9FYV752NMSHJ1V679UC --reason ""Accuracy bonus"""
"403","aws mturk send-bonus --worker-id A3SKEW89V5S0DI --bonus-amount 0.15 --assignment-id 3KAKFY4PGVAIR5BRUCXYI1S41F7I3L --reason ""Accuracy bonus"""
"404","aws mturk send-bonus --worker-id A171S8E9IFSHH2 --bonus-amount 0.15 --assignment-id 3S06PH7KSSC59RHQFUI43BXUBPWD1V --reason ""Accuracy bonus"""
"405","aws mturk send-bonus --worker-id A2STG331R3P3FK --bonus-amount 0.15 --assignment-id 3XLBSAQ9Z5KMNE1OWSOAVD7A2W4Z7H --reason ""Accuracy bonus"""
"406","aws mturk send-bonus --worker-id A3BMEVFSETVOUR --bonus-amount 0.15 --assignment-id 36WLNQG780IBEVDIDMMDF5SOXEJBE2 --reason ""Accuracy bonus"""
"407","aws mturk send-bonus --worker-id A171S8E9IFSHH2 --bonus-amount 0.15 --assignment-id 3CCZ6YKWR8RSUJ5S41FEK5RLWIS59Q --reason ""Accuracy bonus"""
"408","aws mturk send-bonus --worker-id A2YLF04UAKYVF1 --bonus-amount 0.15 --assignment-id 3IAEQB9FMFSYASXTCI7PW1NO71RDWE --reason ""Accuracy bonus"""
"409","aws mturk send-bonus --worker-id A3GUJ6JD25FX7O --bonus-amount 0.15 --assignment-id 3UJ1CZ6IZIXAZY1RD7F510WBO5XS52 --reason ""Accuracy bonus"""
"410","aws mturk send-bonus --worker-id AYJGQBBK6KXZ7 --bonus-amount 0.15 --assignment-id 3YJ6NA41JCOLT50KASF575A5JN3PJP --reason ""Accuracy bonus"""
"411","aws mturk send-bonus --worker-id A2YO837C0O1E91 --bonus-amount 0.15 --assignment-id 358UUM7WR0BDLNFXMBUX9A5BTE5R7Y --reason ""Accuracy bonus"""
"412","aws mturk send-bonus --worker-id A18I566TMVVSFQ --bonus-amount 0.15 --assignment-id 3A0EX8ZRN9W9K0U9DNY7M8K4FQTYB9 --reason ""Accuracy bonus"""
"413","aws mturk send-bonus --worker-id A2STG331R3P3FK --bonus-amount 0.15 --assignment-id 3BEFOD78W71P5KKMF509KZRRWPE4M1 --reason ""Accuracy bonus"""
"414","aws mturk send-bonus --worker-id A171S8E9IFSHH2 --bonus-amount 0.15 --assignment-id 3CFJTT4SXUY0SOCEWO0OVI4K6JT7IJ --reason ""Accuracy bonus"""
"415","aws mturk send-bonus --worker-id AJWES6SFIP3AT --bonus-amount 0.15 --assignment-id 3M0NZ3JDP2670AN58Z9DXTTEBQ6Z5Z --reason ""Accuracy bonus"""
"416","aws mturk send-bonus --worker-id A171S8E9IFSHH2 --bonus-amount 0.15 --assignment-id 386CSBG1O0UU5MMSQM05Y6VA2I0Q6G --reason ""Accuracy bonus"""
"417","aws mturk send-bonus --worker-id A2YO837C0O1E91 --bonus-amount 0.15 --assignment-id 3P529IW9KZTFXIZQZAVDBQ9TLBGFLJ --reason ""Accuracy bonus"""
"418","aws mturk send-bonus --worker-id A2STG331R3P3FK --bonus-amount 0.15 --assignment-id 3RGU30DZTBGF8237ICNDQ1GAENXJM2 --reason ""Accuracy bonus"""
"419","aws mturk send-bonus --worker-id A3P7M9666KJCP --bonus-amount 0.15 --assignment-id 3X0H8UUIT2W4CHGB982ER09O87USWM --reason ""Accuracy bonus"""
"420","aws mturk send-bonus --worker-id ACGHHDT7RY1AH --bonus-amount 0.15 --assignment-id 3XCC1ODXDMJNR5KCIA3391M6Y58QR8 --reason ""Accuracy bonus"""
"421","aws mturk send-bonus --worker-id A3NAHN61XJ3ZAT --bonus-amount 0.15 --assignment-id 36H9ULYP63292SBQWPJ0VBW1HJ5JF9 --reason ""Accuracy bonus"""
"422","aws mturk send-bonus --worker-id A2STG331R3P3FK --bonus-amount 0.15 --assignment-id 37FMASSAYDZNU0F495C40KQGP6SIBI --reason ""Accuracy bonus"""
"423","aws mturk send-bonus --worker-id AJWES6SFIP3AT --bonus-amount 0.15 --assignment-id 3FUI0JHJPY6312T899QBEVQFIUO33E --reason ""Accuracy bonus"""
"424","aws mturk send-bonus --worker-id A171S8E9IFSHH2 --bonus-amount 0.15 --assignment-id 3SNLUL3WO5V4G0WGUZQCXQAWVT1ULT --reason ""Accuracy bonus"""
"425","aws mturk send-bonus --worker-id AYJGQBBK6KXZ7 --bonus-amount 0.15 --assignment-id 3TY7ZAOG5GSDG82IBS0RTJ9AQ4Q0KR --reason ""Accuracy bonus"""
"426","aws mturk send-bonus --worker-id A2YO837C0O1E91 --bonus-amount 0.15 --assignment-id 30BXRYBRP55FM82VYEQFNM2MZUZWHN --reason ""Accuracy bonus"""
"427","aws mturk send-bonus --worker-id AJWES6SFIP3AT --bonus-amount 0.15 --assignment-id 39N5ACM9HFVWNTNBOGOSIBW2NK39PU --reason ""Accuracy bonus"""
"428","aws mturk send-bonus --worker-id A2STG331R3P3FK --bonus-amount 0.15 --assignment-id 3DR23U6WE6MBAH7ZD8DYFZYA3JWTEJ --reason ""Accuracy bonus"""
"429","aws mturk send-bonus --worker-id ACGHHDT7RY1AH --bonus-amount 0.15 --assignment-id 3IXEICO793R7X2EK7QU03B6XMLFT65 --reason ""Accuracy bonus"""
"430","aws mturk send-bonus --worker-id AYJGQBBK6KXZ7 --bonus-amount 0.15 --assignment-id 3TVSS0C0E285RHTQY874155AANLTWJ --reason ""Accuracy bonus"""
"431","aws mturk send-bonus --worker-id A171S8E9IFSHH2 --bonus-amount 0.15 --assignment-id 34J10VATJG6AY6HTSN9UV9LFB8KQIX --reason ""Accuracy bonus"""
"432","aws mturk send-bonus --worker-id A38DC3BG1ZCVZ2 --bonus-amount 0.15 --assignment-id 3907X2AHF1DLN92C379D8OOOHHMP2H --reason ""Accuracy bonus"""
"433","aws mturk send-bonus --worker-id A2YLF04UAKYVF1 --bonus-amount 0.15 --assignment-id 39L1G8WVWRZ7RZFTM5CSQ2BIKGG132 --reason ""Accuracy bonus"""
"434","aws mturk send-bonus --worker-id AJWES6SFIP3AT --bonus-amount 0.15 --assignment-id 3PW9OPU9PRSI6HJAI5YN7S6QE2112C --reason ""Accuracy bonus"""
"435","aws mturk send-bonus --worker-id A2STG331R3P3FK --bonus-amount 0.15 --assignment-id 3WI0P0II620T2WG7DOXJ92F7FP8RDR --reason ""Accuracy bonus"""
"436","aws mturk send-bonus --worker-id A3SKEW89V5S0DI --bonus-amount 0.15 --assignment-id 35BLDD71I75OY42KEQRQ1RNDOBUZVM --reason ""Accuracy bonus"""
"437","aws mturk send-bonus --worker-id AJWES6SFIP3AT --bonus-amount 0.15 --assignment-id 3E13VNJ1NO3MH2XC78JFU8D73UM1I3 --reason ""Accuracy bonus"""
"438","aws mturk send-bonus --worker-id A2YLF04UAKYVF1 --bonus-amount 0.15 --assignment-id 3E337GFOLAGBZIY6M7HA63DURJ8NGG --reason ""Accuracy bonus"""
"439","aws mturk send-bonus --worker-id A38DC3BG1ZCVZ2 --bonus-amount 0.15 --assignment-id 3STRJBFXOXZEWHZ99UO1DUBFNITTK8 --reason ""Accuracy bonus"""
"440","aws mturk send-bonus --worker-id A2STG331R3P3FK --bonus-amount 0.15 --assignment-id 3WSELTNVR4A8K4QNX3BCJG8JI5ATA2 --reason ""Accuracy bonus"""
"441","aws mturk send-bonus --worker-id AYJGQBBK6KXZ7 --bonus-amount 0.15 --assignment-id 3DR23U6WE6MBAH7ZD8DYFZYA3UPTEY --reason ""Accuracy bonus"""
"442","aws mturk send-bonus --worker-id A2STG331R3P3FK --bonus-amount 0.15 --assignment-id 3GGAI1SQEW6S0OX18K6R3X3FOAIMCZ --reason ""Accuracy bonus"""
"443","aws mturk send-bonus --worker-id A23WTODPHXZ68Y --bonus-amount 0.15 --assignment-id 3QAPZX2QN5LIZSYSMMUNTNNG9GK029 --reason ""Accuracy bonus"""
"444","aws mturk send-bonus --worker-id A38DC3BG1ZCVZ2 --bonus-amount 0.15 --assignment-id 3R6P78PK7LJ9UV3QJ33MF2JMGAIGTG --reason ""Accuracy bonus"""
"445","aws mturk send-bonus --worker-id A2YO837C0O1E91 --bonus-amount 0.15 --assignment-id 3SNLUL3WO5V4G0WGUZQCXQAWV5ELUL --reason ""Accuracy bonus"""
"446","aws mturk send-bonus --worker-id AJWES6SFIP3AT --bonus-amount 0.15 --assignment-id 38F71OA9GU4Z30HBZMWSB3OILCLFMS --reason ""Accuracy bonus"""
"447","aws mturk send-bonus --worker-id A3SKEW89V5S0DI --bonus-amount 0.15 --assignment-id 3EICBYG64542ZGRG5NTZN5BYK5FJCY --reason ""Accuracy bonus"""
"448","aws mturk send-bonus --worker-id A3BMEVFSETVOUR --bonus-amount 0.15 --assignment-id 3KB8R4ZV1FF9Y999JHC1F8D0ATFBGY --reason ""Accuracy bonus"""
"449","aws mturk send-bonus --worker-id AYJGQBBK6KXZ7 --bonus-amount 0.15 --assignment-id 3NPI0JQDAPDF78WPMMT99BXEHODPTB --reason ""Accuracy bonus"""
"450","aws mturk send-bonus --worker-id A2STG331R3P3FK --bonus-amount 0.15 --assignment-id 3X0H8UUIT2W4CHGB982ER09O84JSW5 --reason ""Accuracy bonus"""
"451","aws mturk send-bonus --worker-id A171S8E9IFSHH2 --bonus-amount 0.15 --assignment-id 30X31N5D64Y754D8836M9BCXGQSSAG --reason ""Accuracy bonus"""
"452","aws mturk send-bonus --worker-id A18I566TMVVSFQ --bonus-amount 0.15 --assignment-id 38YMOXR4MV7ZPJIE2VZBQVDWQMNW62 --reason ""Accuracy bonus"""
"453","aws mturk send-bonus --worker-id A2STG331R3P3FK --bonus-amount 0.15 --assignment-id 3C6FJU71TR1OGZ3FDEF2RYCS4I0YU4 --reason ""Accuracy bonus"""
"454","aws mturk send-bonus --worker-id ARFAW0SGYEMFL --bonus-amount 0.15 --assignment-id 3QL2OFSM97QYI6I1KLLRGCSFTZ3CNY --reason ""Accuracy bonus"""
"455","aws mturk send-bonus --worker-id AJWES6SFIP3AT --bonus-amount 0.15 --assignment-id 3XUHV3NRVL6L9PNB2D36XMP9F335HZ --reason ""Accuracy bonus"""
"456","aws mturk send-bonus --worker-id AYJGQBBK6KXZ7 --bonus-amount 0.15 --assignment-id 39GAF6DQWS8R38HC6FIY9X31BYO1VA --reason ""Accuracy bonus"""
"457","aws mturk send-bonus --worker-id AJWES6SFIP3AT --bonus-amount 0.15 --assignment-id 3GLB5JMZFY32D67TXD37AY10DFRDG9 --reason ""Accuracy bonus"""
"458","aws mturk send-bonus --worker-id A2YLF04UAKYVF1 --bonus-amount 0.15 --assignment-id 3PS7W85Z80AUFLGI5XXCNLXZCQS9T9 --reason ""Accuracy bonus"""
"459","aws mturk send-bonus --worker-id A2YO837C0O1E91 --bonus-amount 0.15 --assignment-id 3QBD8R3Z22RD5N5YSLFMC3GWRQI4O7 --reason ""Accuracy bonus"""
"460","aws mturk send-bonus --worker-id A171S8E9IFSHH2 --bonus-amount 0.15 --assignment-id 3U5NZHP4LSAP2Z5UMSCKVSUQ6Z7HPS --reason ""Accuracy bonus"""
"461","aws mturk send-bonus --worker-id AJWES6SFIP3AT --bonus-amount 0.15 --assignment-id 31LM9EDVOM0LQKO7UD2D3G5AJALNJE --reason ""Accuracy bonus"""
"462","aws mturk send-bonus --worker-id A2MKXI4KCRRI7Y --bonus-amount 0.15 --assignment-id 3300DTYQT3PYI1F7W4J3AUNNJA8QE9 --reason ""Accuracy bonus"""
"463","aws mturk send-bonus --worker-id A171S8E9IFSHH2 --bonus-amount 0.15 --assignment-id 3E1QT0TDFQH4S2HX6TSU9I0FH0QI82 --reason ""Accuracy bonus"""
"464","aws mturk send-bonus --worker-id A3SKEW89V5S0DI --bonus-amount 0.15 --assignment-id 3FPRZHYEPZFNDBVRTJWHXQIY9G8V3Y --reason ""Accuracy bonus"""
"465","aws mturk send-bonus --worker-id A1OKNQ2JEXW34Q --bonus-amount 0.15 --assignment-id 3PPTZCWALRSWTW63SRXGV4O57GFZQM --reason ""Accuracy bonus"""
"466","aws mturk send-bonus --worker-id AJWES6SFIP3AT --bonus-amount 0.15 --assignment-id 38YMOXR4MV7ZPJIE2VZBQVDWQLE6W1 --reason ""Accuracy bonus"""
"467","aws mturk send-bonus --worker-id A171S8E9IFSHH2 --bonus-amount 0.15 --assignment-id 3HPZF4IVNN1SU5MFRNU2XSQMXEECYL --reason ""Accuracy bonus"""
"468","aws mturk send-bonus --worker-id A18I566TMVVSFQ --bonus-amount 0.15 --assignment-id 3KGTPGBS6YTYFEA8KT87IUBNP172UP --reason ""Accuracy bonus"""
"469","aws mturk send-bonus --worker-id A2YLF04UAKYVF1 --bonus-amount 0.15 --assignment-id 3LJ7UR74RILVN25MR6F9XEGR1JK4N5 --reason ""Accuracy bonus"""
"470","aws mturk send-bonus --worker-id A38DC3BG1ZCVZ2 --bonus-amount 0.15 --assignment-id 3NQL1CS15SGOTESFI4P7NKEBIM6YVK --reason ""Accuracy bonus"""
"471","aws mturk send-bonus --worker-id AFKZZEURTCR8U --bonus-amount 0.15 --assignment-id 39ZSFO5CA94YLA8GREEZHBX4R4KUJF --reason ""Accuracy bonus"""
"472","aws mturk send-bonus --worker-id A1DRFDGG2KCOI2 --bonus-amount 0.15 --assignment-id 3NG53N1RLWRW9O41JOIEIF1R3C08PF --reason ""Accuracy bonus"""
"473","aws mturk send-bonus --worker-id AKSJ3C5O3V9RB --bonus-amount 0.15 --assignment-id 3S06PH7KSSC59RHQFUI43BXUBN8D13 --reason ""Accuracy bonus"""
"474","aws mturk send-bonus --worker-id A2YO837C0O1E91 --bonus-amount 0.15 --assignment-id 3VHHR074H4P2IPKKHRX1NYWCNIBL7P --reason ""Accuracy bonus"""
"475","aws mturk send-bonus --worker-id A2STG331R3P3FK --bonus-amount 0.15 --assignment-id 3XLBSAQ9Z5KMNE1OWSOAVD7A2RT7Z4 --reason ""Accuracy bonus"""
"476","aws mturk send-bonus --worker-id A2YO837C0O1E91 --bonus-amount 0.15 --assignment-id 3018Q3ZVOJYV4PDVTE6HJ171UOKARL --reason ""Accuracy bonus"""
"477","aws mturk send-bonus --worker-id A2YLF04UAKYVF1 --bonus-amount 0.15 --assignment-id 31QTRG6Q2ULBOUVJWSG8HSPTWX7YPZ --reason ""Accuracy bonus"""
"478","aws mturk send-bonus --worker-id A2STG331R3P3FK --bonus-amount 0.15 --assignment-id 3ATPCQ38J9I41QPH79YBRX0YXANYAX --reason ""Accuracy bonus"""
"479","aws mturk send-bonus --worker-id A171S8E9IFSHH2 --bonus-amount 0.15 --assignment-id 3HUTX6F6VVV329QBO7WYJOJY7B02OL --reason ""Accuracy bonus"""
"480","aws mturk send-bonus --worker-id AJWES6SFIP3AT --bonus-amount 0.15 --assignment-id 3VP0C6EFSH43K7O0YTTOHXB5SHIM64 --reason ""Accuracy bonus"""
"481","aws mturk send-bonus --worker-id AYJGQBBK6KXZ7 --bonus-amount 0.15 --assignment-id 30H4UDGLT3QBUD65DPSXNX2MNLHMPH --reason ""Accuracy bonus"""
"482","aws mturk send-bonus --worker-id A171S8E9IFSHH2 --bonus-amount 0.15 --assignment-id 386PBUZZXG5V2KLMI0MYQO1LEI4LJZ --reason ""Accuracy bonus"""
"483","aws mturk send-bonus --worker-id ARFAW0SGYEMFL --bonus-amount 0.15 --assignment-id 3J4Q2Z4UTZBSZ11YH4D9W0UNQOZQWV --reason ""Accuracy bonus"""
"484","aws mturk send-bonus --worker-id AJWES6SFIP3AT --bonus-amount 0.15 --assignment-id 3MD9PLUKKJMBQZTBCZ5ZRAT029UNZX --reason ""Accuracy bonus"""
"485","aws mturk send-bonus --worker-id A2STG331R3P3FK --bonus-amount 0.15 --assignment-id 3NG53N1RLWRW9O41JOIEIF1R3GLP8P --reason ""Accuracy bonus"""
"486","aws mturk send-bonus --worker-id A171S8E9IFSHH2 --bonus-amount 0.15 --assignment-id 30ZX6P7VF93P1YZE8U4TBS2C8I82JM --reason ""Accuracy bonus"""
"487","aws mturk send-bonus --worker-id AJWES6SFIP3AT --bonus-amount 0.15 --assignment-id 36TFCYNS45IUB87L8JM1P5GT8ZMXH4 --reason ""Accuracy bonus"""
"488","aws mturk send-bonus --worker-id A3NAHN61XJ3ZAT --bonus-amount 0.15 --assignment-id 3NJM2BJS4XEYLRUE00YJK1XATD2PC3 --reason ""Accuracy bonus"""
"489","aws mturk send-bonus --worker-id A2YO837C0O1E91 --bonus-amount 0.15 --assignment-id 3XM0HYN6NL7DIPESWR4EAPXDEOCPER --reason ""Accuracy bonus"""
"490","aws mturk send-bonus --worker-id AYJGQBBK6KXZ7 --bonus-amount 0.15 --assignment-id 3ZPPDN2SLW4SQ2YLF28HOZXY9JG9E0 --reason ""Accuracy bonus"""
"491","aws mturk send-bonus --worker-id A171S8E9IFSHH2 --bonus-amount 0.15 --assignment-id 36WLNQG780IBEVDIDMMDF5SOXMTEBV --reason ""Accuracy bonus"""
"492","aws mturk send-bonus --worker-id A37WDOIQH6JM6V --bonus-amount 0.15 --assignment-id 3DPNQGW4LMNNGHZUSPTSV3U56V646A --reason ""Accuracy bonus"""
"493","aws mturk send-bonus --worker-id A38DC3BG1ZCVZ2 --bonus-amount 0.15 --assignment-id 3JBT3HLQF9ABTK5OSEIRVZYV2VVZPJ --reason ""Accuracy bonus"""
"494","aws mturk send-bonus --worker-id A5BMA5POGL8DW --bonus-amount 0.15 --assignment-id 3RKNTXVS3N6O3JBXI2A4B8WR2EFA4P --reason ""Accuracy bonus"""
"495","aws mturk send-bonus --worker-id AJWES6SFIP3AT --bonus-amount 0.15 --assignment-id 3WRFBPLXRBWA56MIRSAQN9OLNJAN3P --reason ""Accuracy bonus"""
"496","aws mturk send-bonus --worker-id AJWES6SFIP3AT --bonus-amount 0.15 --assignment-id 39GAF6DQWS8R38HC6FIY9X31BX71VR --reason ""Accuracy bonus"""
"497","aws mturk send-bonus --worker-id A2YLF04UAKYVF1 --bonus-amount 0.15 --assignment-id 3LUY3GC6308S9AZI9JQ84F5WSV37P6 --reason ""Accuracy bonus"""
"498","aws mturk send-bonus --worker-id A38DC3BG1ZCVZ2 --bonus-amount 0.15 --assignment-id 3OB0CAO74IXJBDXVDF838JN2A2MYHB --reason ""Accuracy bonus"""
"499","aws mturk send-bonus --worker-id A22CRWMZUX7FFR --bonus-amount 0.15 --assignment-id 3XM0HYN6NL7DIPESWR4EAPXDEJGEPA --reason ""Accuracy bonus"""
"500","aws mturk send-bonus --worker-id A2STG331R3P3FK --bonus-amount 0.15 --assignment-id 3ZAZR5XV02QSZVWKN9WLBZZO350ZCB --reason ""Accuracy bonus"""
"501","aws mturk send-bonus --worker-id A3SKEW89V5S0DI --bonus-amount 0.15 --assignment-id 323Q6SJS8JODBMG08PGFJYGM4UQFHV --reason ""Accuracy bonus"""
"502","aws mturk send-bonus --worker-id A38DC3BG1ZCVZ2 --bonus-amount 0.15 --assignment-id 32RIADZISTCS3FXRZ2WVW8QXOFZS46 --reason ""Accuracy bonus"""
"503","aws mturk send-bonus --worker-id A2YO837C0O1E91 --bonus-amount 0.15 --assignment-id 33JKGHPFYD2BRSUSXAF5J8XRN7MMNT --reason ""Accuracy bonus"""
"504","aws mturk send-bonus --worker-id AJWES6SFIP3AT --bonus-amount 0.15 --assignment-id 3AAJC4I4FH0F792QX1D7Y3CJTPIZJY --reason ""Accuracy bonus"""
"505","aws mturk send-bonus --worker-id A171S8E9IFSHH2 --bonus-amount 0.15 --assignment-id 3N1FSUEFL68M1QE92C16194XNBPD4V --reason ""Accuracy bonus"""
